study,experiment,n_initial,n_excluded,n,design,design_note,presentation,framing,source,a,b,c,d,pEC,pE_noC,deltaP,power,pC,pE,w_deltaP,Pearce,HPN,support_noisy_or,spport_noisy_and_not,EI,RW, rating,question,scale,anchors,reference,note,,,,,,,,,,,,,,,
Perales & Shanks (2004),1a,,,,,,,generative,,36,4,8,32,0.90,0.20,0.70,0.88,0.50,0.55,0.74,0.84,0.75,20.27,-3.47,0.76,0.71,72,,,,,,,,,,,,,,,,,,,,
Perales & Shanks (2004),1a,,,,,,,generative,,22,18,4,36,0.55,0.10,0.45,0.50,0.50,0.33,0.47,0.54,0.45,8.31,-2.69,0.43,0.43,46,,,,,,,,,,,,,,,,,,,,
Perales & Shanks (2004),1a,,,,,,,generative,,36,4,32,8,0.90,0.80,0.10,0.50,0.50,0.85,0.25,0.28,0.38,0.57,-2.93,0.38,0.11,40,,,,,,,,,,,,,,,,,,,,
Perales & Shanks (2003),1,,,16,within-subjects,every participant had to work on each of four different conditions,trial-by-trial,bidirectional,Table 3,10,0,6,4,1.00,0.60,0.40,1.00,0.50,0.80,0.51,0.58,0.67,2.36,-2.40,0.61,0.44,87,asked from time to time to estimate the degree to which the radiation causes or prevents mutations.,–100 and +100,–100 = radiation prevents mutations; 0 = neither causes nor prevents; 100 = radiation causes mutations,"Perales, J. C., & Shanks, D. R. (2003). Normative and descriptive accounts
of the influence of power and contingency on causal judgement.
Quarterly Journal of Experimental Psychology, 56A, 977-1007.",Each condition consisted of as many 20-trial blocks as the participant needed to make a 100% confident judgment,,,,,,,,,,,,,,,
Perales & Shanks (2003),1,,,16,within-subjects,every participant had to work on each of four different conditions,trial-by-trial,bidirectional,Table 3,4,6,0,10,0.40,0.00,0.40,0.40,0.50,0.20,0.40,0.46,0.37,1.46,-1.25,0.31,0.37,35,asked from time to time to estimate the degree to which the radiation causes or prevents mutations.,–100 and +100,–100 = radiation prevents mutations; 0 = neither causes nor prevents; 100 = radiation causes mutations,"Perales, J. C., & Shanks, D. R. (2003). Normative and descriptive accounts
of the influence of power and contingency on causal judgement.
Quarterly Journal of Experimental Psychology, 56A, 977-1007.",Each condition consisted of as many 20-trial blocks as the participant needed to make a 100% confident judgment,,,,,,,,,,,,,,,
Perales & Shanks (2003),1,,,16,within-subjects,every participant had to work on each of four different conditions,trial-by-trial,bidirectional,Table 3,6,4,10,0,0.60,1.00,-0.40,-0.40,0.50,0.80,-0.21,-0.25,-0.28,-1.25,1.46,-0.10,-0.44,3,asked from time to time to estimate the degree to which the radiation causes or prevents mutations.,–100 and +100,–100 = radiation prevents mutations; 0 = neither causes nor prevents; 100 = radiation causes mutations,"Perales, J. C., & Shanks, D. R. (2003). Normative and descriptive accounts
of the influence of power and contingency on causal judgement.
Quarterly Journal of Experimental Psychology, 56A, 977-1007.",Each condition consisted of as many 20-trial blocks as the participant needed to make a 100% confident judgment,,,,,,,,,,,,,,,
Perales & Shanks (2003),1,,,16,within-subjects,every participant had to work on each of four different conditions,trial-by-trial,bidirectional,Table 3,0,10,4,6,0.00,0.40,-0.40,-1.00,0.50,0.20,-0.32,-0.38,-0.69,-2.40,2.36,-0.58,-0.37,-64,asked from time to time to estimate the degree to which the radiation causes or prevents mutations.,–100 and +100,–100 = radiation prevents mutations; 0 = neither causes nor prevents; 100 = radiation causes mutations,"Perales, J. C., & Shanks, D. R. (2003). Normative and descriptive accounts
of the influence of power and contingency on causal judgement.
Quarterly Journal of Experimental Psychology, 56A, 977-1007.",Each condition consisted of as many 20-trial blocks as the participant needed to make a 100% confident judgment,,,,,,,,,,,,,,,
Perales & Shanks (2003),2,,,18,within-subjects,every participant had to work on each of six different conditions,trial-by-trial,bidirectional,Table 4,10,0,1,9,1.00,0.10,0.90,1.00,0.50,0.55,0.92,1.05,0.89,8.19,-2.40,0.93,0.91,92,asked from time to time to estimate the degree to which the radiation causes or prevents mutations.,–100 and +100,–100 = radiation prevents mutations; 0 = neither causes nor prevents; 100 = radiation causes mutations,"Perales, J. C., & Shanks, D. R. (2003). Normative and descriptive accounts
of the influence of power and contingency on causal judgement.
Quarterly Journal of Experimental Psychology, 56A, 977-1007.",Each condition consisted of as many 20-trial blocks as the participant needed to make a 100% confident judgment,,,,,,,,,,,,,,,
Perales & Shanks (2003),2,,,18,within-subjects,every participant had to work on each of six different conditions,trial-by-trial,bidirectional,Table 4,10,0,7,3,1.00,0.70,0.30,1.00,0.50,0.85,0.43,0.49,0.62,1.70,-2.40,0.55,0.33,61,asked from time to time to estimate the degree to which the radiation causes or prevents mutations.,–100 and +100,–100 = radiation prevents mutations; 0 = neither causes nor prevents; 100 = radiation causes mutations,"Perales, J. C., & Shanks, D. R. (2003). Normative and descriptive accounts
of the influence of power and contingency on causal judgement.
Quarterly Journal of Experimental Psychology, 56A, 977-1007.",Each condition consisted of as many 20-trial blocks as the participant needed to make a 100% confident judgment,,,,,,,,,,,,,,,
Perales & Shanks (2003),2,,,18,within-subjects,every participant had to work on each of six different conditions,trial-by-trial,bidirectional,Table 4,8,2,8,2,0.80,0.80,0.00,0.00,0.50,0.80,0.15,0.17,0.19,-0.28,-1.36,0.27,0.00,25,asked from time to time to estimate the degree to which the radiation causes or prevents mutations.,–100 and +100,–100 = radiation prevents mutations; 0 = neither causes nor prevents; 100 = radiation causes mutations,"Perales, J. C., & Shanks, D. R. (2003). Normative and descriptive accounts
of the influence of power and contingency on causal judgement.
Quarterly Journal of Experimental Psychology, 56A, 977-1007.",Each condition consisted of as many 20-trial blocks as the participant needed to make a 100% confident judgment,,,,,,,,,,,,,,,
Perales & Shanks (2003),2,,,18,within-subjects,every participant had to work on each of six different conditions,trial-by-trial,bidirectional,Table 4,2,8,2,8,0.20,0.20,0.00,0.00,0.50,0.20,0.04,0.04,0.03,-1.36,-0.28,-0.11,0.00,-15,asked from time to time to estimate the degree to which the radiation causes or prevents mutations.,–100 and +100,–100 = radiation prevents mutations; 0 = neither causes nor prevents; 100 = radiation causes mutations,"Perales, J. C., & Shanks, D. R. (2003). Normative and descriptive accounts
of the influence of power and contingency on causal judgement.
Quarterly Journal of Experimental Psychology, 56A, 977-1007.",Each condition consisted of as many 20-trial blocks as the participant needed to make a 100% confident judgment,,,,,,,,,,,,,,,
Perales & Shanks (2003),2,,,18,within-subjects,every participant had to work on each of six different conditions,trial-by-trial,bidirectional,Table 4,0,10,3,7,0.00,0.30,-0.30,-1.00,0.50,0.15,-0.24,-0.28,-0.65,-2.40,1.70,-0.50,-0.27,-61,asked from time to time to estimate the degree to which the radiation causes or prevents mutations.,–100 and +100,–100 = radiation prevents mutations; 0 = neither causes nor prevents; 100 = radiation causes mutations,"Perales, J. C., & Shanks, D. R. (2003). Normative and descriptive accounts
of the influence of power and contingency on causal judgement.
Quarterly Journal of Experimental Psychology, 56A, 977-1007.",Each condition consisted of as many 20-trial blocks as the participant needed to make a 100% confident judgment,,,,,,,,,,,,,,,
Perales & Shanks (2003),2,,,18,within-subjects,every participant had to work on each of six different conditions,trial-by-trial,bidirectional,Table 4,0,10,9,1,0.00,0.90,-0.90,-1.00,0.50,0.45,-0.73,-0.85,-0.88,-2.39,8.17,-0.93,-0.89,-78,asked from time to time to estimate the degree to which the radiation causes or prevents mutations.,–100 and +100,–100 = radiation prevents mutations; 0 = neither causes nor prevents; 100 = radiation causes mutations,"Perales, J. C., & Shanks, D. R. (2003). Normative and descriptive accounts
of the influence of power and contingency on causal judgement.
Quarterly Journal of Experimental Psychology, 56A, 977-1007.",Each condition consisted of as many 20-trial blocks as the participant needed to make a 100% confident judgment,,,,,,,,,,,,,,,
Perales & Shanks (2003),3,,,16,within-subjects,"every participant had to work on each of four different
conditions",trial-by-trial,bidirectional,Table 6,10,0,2,8,1.00,0.20,0.80,1.00,0.50,0.60,0.84,0.96,0.85,6.51,-2.40,0.87,0.82,83,instructed to stop studying butterflies’ records when they were 50% or 100% confident about their causal estimate.,–100 and +100,–100 = radiation prevents mutations; 0 = neither causes nor prevents; 100 = radiation causes mutations,"Perales, J. C., & Shanks, D. R. (2003). Normative and descriptive accounts
of the influence of power and contingency on causal judgement.
Quarterly Journal of Experimental Psychology, 56A, 977-1007.","trial-by-trial task: After every trial, participants had to press the button ""Press here for the next trial"" or ""Press here to stop""; so the participants could stop at any point to make their judgment.",,,,,,,,,,,,,,,
Perales & Shanks (2003),3,,,16,within-subjects,"every participant had to work on each of four different
conditions",trial-by-trial,bidirectional,Table 6,10,0,8,2,1.00,0.80,0.20,1.00,0.50,0.90,0.35,0.39,0.56,1.15,-2.40,0.49,0.22,53,instructed to stop studying butterflies’ records when they were 50% or 100% confident about their causal estimate.,–100 and +100,–100 = radiation prevents mutations; 0 = neither causes nor prevents; 100 = radiation causes mutations,"Perales, J. C., & Shanks, D. R. (2003). Normative and descriptive accounts
of the influence of power and contingency on causal judgement.
Quarterly Journal of Experimental Psychology, 56A, 977-1007.","trial-by-trial task: After every trial, participants had to press the button ""Press here for the next trial"" or ""Press here to stop""; so the participants could stop at any point to make their judgment.",,,,,,,,,,,,,,,
Shanks (2002),1,,,9,within-subjects,every participant had to work on each of three different conditions,trial-by-trial,bidirectional,Table 2,24,6,6,24,0.80,0.20,0.60,0.75,0.50,0.50,0.64,0.73,0.64,10.22,-2.95,0.66,0.60,68,"Please give an estimate of the degree to which you think the chemical causes or prevents mutations. Type in a number between -100 and +100, where - 100 indicates that the chemical prevents mutations, 0 indicates that it neither causes nor prevents mutations,
and 100 indicates that the chemical causes mutations. Intermediate numbers indicate intermediate levels of causal or preventive influence.",–100 and +100,-100 = chemical prevents mutations; 0 = neither causes or prevent; 100 = chemicals causes mutations,"Shanks, D. R. (2002). Tests of the power PC theory of causal induction with negative contingencies. Experimental Psychology, 49, 81-88.",After a block of 20 trials the participand were asked to estimate the degree to which the chemical causes mutation,,,,,,,,,,,,,,,
Shanks (2002),1,,,9,within-subjects,every participant had to work on each of three different conditions,trial-by-trial,bidirectional,Table 2,0,30,6,24,0.00,0.20,-0.20,-1.00,0.50,0.10,-0.16,-0.19,-0.61,-3.43,3.30,-0.43,-0.18,-35,"Please give an estimate of the degree to which you think the chemical causes or prevents mutations. Type in a number between -100 and +100, where - 100 indicates that the chemical prevents mutations, 0 indicates that it neither causes nor prevents mutations,
and 100 indicates that the chemical causes mutations. Intermediate numbers indicate intermediate levels of causal or preventive influence.",–100 and +100,-100 = chemical prevents mutations; 0 = neither causes or prevent; 100 = chemicals causes mutations,"Shanks, D. R. (2002). Tests of the power PC theory of causal induction with negative contingencies. Experimental Psychology, 49, 81-88.",After a block of 20 trials the participand were asked to estimate the degree to which the chemical causes mutation,,,,,,,,,,,,,,,
Shanks (2002),1,,,9,within-subjects,every participant had to work on each of three different conditions,trial-by-trial,bidirectional,Table 2,0,30,30,0,0.00,1.00,-1.00,-1.00,0.50,0.50,-0.81,-0.94,-0.91,-3.45,36.60,-1.00,-1.00,-99,"Please give an estimate of the degree to which you think the chemical causes or prevents mutations. Type in a number between -100 and +100, where - 100 indicates that the chemical prevents mutations, 0 indicates that it neither causes nor prevents mutations,
and 100 indicates that the chemical causes mutations. Intermediate numbers indicate intermediate levels of causal or preventive influence.",–100 and +100,-100 = chemical prevents mutations; 0 = neither causes or prevent; 100 = chemicals causes mutations,"Shanks, D. R. (2002). Tests of the power PC theory of causal induction with negative contingencies. Experimental Psychology, 49, 81-88.",After every block of 20 trials the participants were asked to estimate the degree to which the chemical causes mutation,,,,,,,,,,,,,,,
Shanks (2002),2,,,18,within-subjects,every participant had to work on each of three different conditions,trial-by-trial,bidirectional,Table 2,24,6,6,24,0.80,0.20,0.60,0.75,0.50,0.50,0.64,0.73,0.64,10.22,-2.96,0.66,0.60,67,"Please give an estimate of the degree to which you think the chemical causes or prevents mutations. Type in a number between -100 and +100, where - 100 indicates that the chemical prevents mutations, 0 indicates that it neither causes nor prevents mutations,
and 100 indicates that the chemical causes mutations. Intermediate numbers indicate intermediate levels of causal or preventive influence.",causal: –100 - +100; confidence: 0-100,causal direction: '-100 = chemical prevents mutations; 0 = neither causes or prevent; 100 = chemicals causes mutataions; confidence: 0 = complete guess; 100 = complete certainty,"Shanks, D. R. (2002). Tests of the power PC theory of causal induction with negative contingencies. Experimental Psychology, 49, 81-88.",,,,,,,,,,,,,,,,
Shanks (2002),2,,,18,within-subjects,every participant had to work on each of three different conditions,trial-by-trial,bidirectional,Table 2,3,27,10,20,0.10,0.33,-0.23,-0.70,0.50,0.22,-0.17,-0.20,-0.43,-2.93,2.09,-0.36,-0.21,-48,"Please give an estimate of the degree to which you think the chemical causes or prevents mutations. Type in a number between -100 and +100, where - 100 indicates that the chemical prevents mutations, 0 indicates that it neither causes nor prevents mutations,
and 100 indicates that the chemical causes mutations. Intermediate numbers indicate intermediate levels of causal or preventive influence.",causal: –100 - +100; confidence: 0-100,"causal direction: '-100 = chemical prevents mutations; 0 = neither causes or prevent; 100 = chemicals causes mutataions, confidence: 0 = complete guess; 100 = complete certainty","Shanks, D. R. (2002). Tests of the power PC theory of causal induction with negative contingencies. Experimental Psychology, 49, 81-88.",,,,,,,,,,,,,,,,
Shanks (2002),2,,,18,within-subjects,every participant had to work on each of three different conditions,trial-by-trial,bidirectional,Table 2,9,21,30,0,0.30,1.00,-0.70,-0.70,0.50,0.65,-0.51,-0.60,-0.60,-2.84,17.43,-0.52,-0.73,-70,"Please give an estimate of the degree to which you think the chemical causes or prevents mutations. Type in a number between -100 and +100, where - 100 indicates that the chemical prevents mutations, 0 indicates that it neither causes nor prevents mutations,
and 100 indicates that the chemical causes mutations. Intermediate numbers indicate intermediate levels of causal or preventive influence.",causal: –100 - +100; confidence: 0-100,"causal direction: '-100 = chemical prevents mutations; 0 = neither causes or prevent; 100 = chemicals causes mutataions, confidence: 0 = complete guess; 100 = complete certainty","Shanks, D. R. (2002). Tests of the power PC theory of causal induction with negative contingencies. Experimental Psychology, 49, 81-88.",,,,,,,,,,,,,,,,
Lober & Shanks (2000),1,28,1,27,within-subjects,every participant had to work on each of the three different conditions,trial-by-trial,generative,Table 2,21,9,0,30,0.70,0.00,0.70,0.70,0.50,0.35,0.70,0.80,0.65,17.41,-2.85,0.68,0.67,68,"First, the participants were asked to ""predict whether or not the animal's DNA will show a genetic mutation""; Participants responded with specific keys to indicate ""Yes"" or ""No"". Then, for every block of 10 trials: ""Please give an astimate of the degree to which you think the chemical causes mutations""",0-100,0 = chemicals does not cause mutations at all; 100 = chemicals causes a mutation every time,"Lober, K., & Shanks, D. R. (2000). Is causal induction based on causal power? Critique of Cheng (1997). Psychological Review, 107, 195-212.","After every block of 10 trials, participants were asked to estimate the degree to which the chemical caused mutations",,,,,,,,,,,,,,,
Lober & Shanks (2000),1,28,1,27,within-subjects,every participant had to work on each of the three different conditions,trial-by-trial,generative,Table 2,24,6,10,20,0.80,0.33,0.47,0.70,0.50,0.57,0.53,0.60,0.57,5.95,-2.87,0.57,0.47,63,"First, the participants were asked to ""predict whether or not the animal's DNA will show a genetic mutation""; Participants responded with specific keys to indicate ""Yes"" or ""No"". Then, for every block of 10 trials: ""Please give an astimate of the degree to which you think the chemical causes mutations""",0-100,0 = chemicals does not cause mutations at all; 100 = chemicals causes a mutation every time,"Lober, K., & Shanks, D. R. (2000). Is causal induction based on causal power? Critique of Cheng (1997). Psychological Review, 107, 195-212.","After every block of 10 trials, participants were asked to estimate the degree to which the chemical caused mutations",,,,,,,,,,,,,,,
Lober & Shanks (2000),1,28,1,27,within-subjects,every participant had to work on each of the three different conditions,trial-by-trial,generative,Table 2,27,3,20,10,0.90,0.67,0.23,0.70,0.50,0.78,0.36,0.40,0.48,2.09,-2.92,0.46,0.25,55,"First, the participants were asked to ""predict whether or not the animal's DNA will show a genetic mutation""; Participants responded with specific keys to indicate ""Yes"" or ""No"". Then, for every block of 10 trials: ""Please give an astimate of the degree to which you think the chemical causes mutations""",0-100,0 = chemicals does not cause mutations at all; 100 = chemicals causes a mutation every time,"Lober, K., & Shanks, D. R. (2000). Is causal induction based on causal power? Critique of Cheng (1997). Psychological Review, 107, 195-212.","After every block of 10 trials, participants were asked to estimate the degree to which the chemical caused mutations",,,,,,,,,,,,,,,
Lober & Shanks (2000),2,,,16,within-subjects,every participant hat to work on every four conditions,trial-by-trial,generative,Table 2,28,0,0,28,1.00,0.00,1.00,1.00,0.50,0.50,1.00,1.15,0.93,33.94,-3.37,1.00,1.00,96,"First, the participants were asked to ""predict whether or not the animal's DNA will show a genetic mutation""; Participants responded with specific keys to indicate ""Yes"" or ""No"". Then, after the trials: ""Please give an estimate of the degree to which you think the chemical causes mutations""",0-100,0 = chemicals does not cause mutations at all; 100 = chemicals causes a mutation,"Lober, K., & Shanks, D. R. (2000). Is causal induction based on causal power? Critique of Cheng (1997). Psychological Review, 107, 195-212.","Participants gave their estimates after 19, 38, 56 trials; experiment in german",,,,,,,,,,,,,,,
Lober & Shanks (2000),2,,,16,within-subjects,every participant hat to work on every four conditions,trial-by-trial,generative,Table 2,28,0,7,21,1.00,0.25,0.75,1.00,0.50,0.63,0.80,0.91,0.83,18.47,-3.38,0.84,0.78,87,"First, the participants were asked to ""predict whether or not the animal's DNA will show a genetic mutation""; Participants responded with specific keys to indicate ""Yes"" or ""No"". Then, after the trials: ""Please give an estimate of the degree to which you think the chemical causes mutations""",0-100,0 = chemicals does not cause mutations at all; 100 = chemicals causes a mutation,"Lober, K., & Shanks, D. R. (2000). Is causal induction based on causal power? Critique of Cheng (1997). Psychological Review, 107, 195-212.","Participants gave their estimates after 19, 38, 56 trials; experiment in german",,,,,,,,,,,,,,,
Lober & Shanks (2000),2,,,16,within-subjects,every participant hat to work on every four conditions,trial-by-trial,generative,Table 2,28,0,14,14,1.00,0.50,0.50,1.00,0.50,0.75,0.60,0.68,0.72,9.92,-3.38,0.68,0.54,78,"First, the participants were asked to ""predict whether or not the animal's DNA will show a genetic mutation""; Participants responded with specific keys to indicate ""Yes"" or ""No"". Then, after the trials: ""Please give an estimate of the degree to which you think the chemical causes mutations""",0-100,0 = chemicals does not cause mutations at all; 100 = chemicals causes a mutation,"Lober, K., & Shanks, D. R. (2000). Is causal induction based on causal power? Critique of Cheng (1997). Psychological Review, 107, 195-212.","Participants gave their estimates after 19, 38, 56 trials; experiment in german",,,,,,,,,,,,,,,
Lober & Shanks (2000),2,,,16,within-subjects,every participant hat to work on every four conditions,trial-by-trial,generative,Table 2,28,0,21,7,1.00,0.75,0.25,1.00,0.50,0.88,0.39,0.44,0.59,3.99,-3.36,0.52,0.28,65,"First, the participants were asked to ""predict whether or not the animal's DNA will show a genetic mutation""; Participants responded with specific keys to indicate ""Yes"" or ""No"". Then, after the trials: ""Please give an estimate of the degree to which you think the chemical causes mutations""",0-100,0 = chemicals does not cause mutations at all; 100 = chemicals causes a mutation,"Lober, K., & Shanks, D. R. (2000). Is causal induction based on causal power? Critique of Cheng (1997). Psychological Review, 107, 195-212.","Participants gave their estimates after 19, 38, 56 trials; experiment in german",,,,,,,,,,,,,,,
Lober & Shanks (2000),3,26,2,24,within-subjects,every participant hat to work on every four conditions,trial-by-trial,generative,Table 2,30,0,18,12,1.00,0.60,0.40,1.00,0.50,0.80,0.51,0.58,0.67,7.88,-3.45,0.61,0.44,64,"First, the participants were asked to ""predict whether or not the animal's DNA will show a genetic mutation""; Participants responded with specific keys to indicate ""Yes"" or ""No"". Then, for every block of 20 trials: ""Please give an estimate of the degree to which you think the chemical causes mutations""",0-100,0 = chemicals does not cause mutations at all; 100 = chemicals causes a mutation,"Lober, K., & Shanks, D. R. (2000). Is causal induction based on causal power? Critique of Cheng (1997). Psychological Review, 107, 195-212.",60 instead of 56 trials; estimates after each block of 20 trials; experiment 3 in englisch,,,,,,,,,,,,,,,
Lober & Shanks (2000),3,26,2,24,within-subjects,every participant hat to work on every four conditions,trial-by-trial,generative,Table 2,24,6,12,18,0.80,0.40,0.40,0.67,0.50,0.60,0.48,0.54,0.53,4.35,-2.82,0.52,0.41,54,"First, the participants were asked to ""predict whether or not the animal's DNA will show a genetic mutation""; Participants responded with specific keys to indicate ""Yes"" or ""No"". Then, for every block of 20 trials: ""Please give an estimate of the degree to which you think the chemical causes mutations""",0-100,0 = chemicals does not cause mutations at all; 100 = chemicals causes a mutation,"Lober, K., & Shanks, D. R. (2000). Is causal induction based on causal power? Critique of Cheng (1997). Psychological Review, 107, 195-212.",60 instead of 56 trials; estimates after each block of 20 trials; experiment 3 in englisch,,,,,,,,,,,,,,,
Lober & Shanks (2000),3,26,2,24,within-subjects,every participant hat to work on every four conditions,trial-by-trial,generative,Table 2,12,18,0,30,0.40,0.00,0.40,0.40,0.50,0.20,0.40,0.46,0.37,6.98,-2.13,0.31,0.37,38,"First, the participants were asked to ""predict whether or not the animal's DNA will show a genetic mutation""; Participants responded with specific keys to indicate ""Yes"" or ""No"". Then, for every block of 20 trials: ""Please give an estimate of the degree to which you think the chemical causes mutations""",0-100,0 = chemicals does not cause mutations at all; 100 = chemicals causes a mutation,"Lober, K., & Shanks, D. R. (2000). Is causal induction based on causal power? Critique of Cheng (1997). Psychological Review, 107, 195-212.",60 instead of 56 trials; estimates after each block of 20 trials; experiment 3 in englisch,,,,,,,,,,,,,,,
Lober & Shanks (2000),3,26,2,24,within-subjects,every participant hat to work on every four conditions,trial-by-trial,generative,Table 2,27,3,25,5,0.90,0.83,0.07,0.40,0.50,0.87,0.23,0.25,0.35,0.15,-2.57,0.36,0.07,34,"First, the participants were asked to ""predict whether or not the animal's DNA will show a genetic mutation""; Participants responded with specific keys to indicate ""Yes"" or ""No"". Then, for every block of 20 trials: ""Please give an estimate of the degree to which you think the chemical causes mutations""",0-100,0 = chemicals does not cause mutations at all; 100 = chemicals causes a mutation,"Lober, K., & Shanks, D. R. (2000). Is causal induction based on causal power? Critique of Cheng (1997). Psychological Review, 107, 195-212.",60 instead of 56 trials; estimates after each block of 20 trials; experiment 3 in englisch,,,,,,,,,,,,,,,
Collins & Shanks (2006),1,,,40,mixed-design,contingency conditions were within-subject; probe questions (causal vs. frequentist counterfactual vs. single-event counterfactual question) between-subject,trial-by-trial,generative,,30,15,0,45,0.67,0.00,0.67,0.67,0.50,0.33,0.67,0.76,0.62,25.17,-3.16,0.64,0.63,63,"Prediction question: participants were asked whether the butterfly's DNA would exhibit a mutation and answer either ""YES, the mutation will occur"" or ""NO, the mutation will not occur.""; causal probe question: “To what extent does radiation cause mutations?”;
frequentist counterfactual probe question: ""How many out of 100 butterflies, none of which would show a mutation in the test if unradiated, do you estimate would show a mutation if radiated?”; single-event counterfactual question: “How likely would a butterfly, which would not show a mutation in the test if unradiated, be to show a mutation in the test if radiated?”
After the judgment scale, the participants were required to indicate how confident they were in the judgment",0-100,"judgment scale for frequentist counterfactual probe question and single-event counterfactual question: 0, 50 or 100; confident scale: ""Nor at all confident"", ""Mildly confident"" or ""Very confident""","Collins, D. J., & Shanks, D. R. (2006). Conformity to the power PC theory of causal induction depends on type of probe question. Quarterly Journal of Experimental Psychology, 59, 225-232.","After 40 and 80 trials in each series, participants make a judgment about the effect of a radiation treatment",,,,,,,,,,,,,,,
Collins & Shanks (2006),1,,,40,mixed-design,contingency conditions were within-subject; probe questions (causal vs. frequentist counterfactual vs. single-event counterfactual question) between-subject,trial-by-trial,generative,,36,9,18,27,0.80,0.40,0.40,0.67,0.50,0.60,0.48,0.54,0.53,6.73,-3.18,0.52,0.41,55,"Prediction question: participants were asked whether the butterfly's DNA would exhibit a mutation and answer either ""YES, the mutation will occur"" or ""NO, the mutation will not occur.""; causal probe question: “To what extent does radiation cause mutations?”;
frequentist counterfactual probe question: ""How many out of 100 butterflies, none of which would show a mutation in the test if unradiated, do you estimate would show a mutation if radiated?”; single-event counterfactual question: “How likely would a butterfly, which would not show a mutation in the test if unradiated, be to show a mutation in the test if radiated?”
After the judgment scale, the participants were required to indicate how confident they were in the judgment",0-100,"judgment scale for frequentist counterfactual probe question and single-event counterfactual question: 0, 50 or 100; confident scale: ""Nor at all confident"", ""Mildly confident"" or ""Very confident""","Collins, D. J., & Shanks, D. R. (2006). Conformity to the power PC theory of causal induction depends on type of probe question. Quarterly Journal of Experimental Psychology, 59, 225-232.",,,,,,,,,,,,,,,,
Collins & Shanks (2006),1,,,40,mixed-design,contingency conditions were within-subject; probe questions (causal vs. frequentist counterfactual vs. single-event counterfactual question) between-subject,trial-by-trial,generative,,18,27,0,45,0.40,0.00,0.40,0.40,0.50,0.20,0.40,0.46,0.37,11.48,-2.52,0.31,0.37,41,"Prediction question: participants were asked whether the butterfly's DNA would exhibit a mutation and answer either ""YES, the mutation will occur"" or ""NO, the mutation will not occur.""; causal probe question: “To what extent does radiation cause mutations?”;
frequentist counterfactual probe question: ""How many out of 100 butterflies, none of which would show a mutation in the test if unradiated, do you estimate would show a mutation if radiated?”; single-event counterfactual question: “How likely would a butterfly, which would not show a mutation in the test if unradiated, be to show a mutation in the test if radiated?”
After the judgment scale, the participants were required to indicate how confident they were in the judgment",0-100,"judgment scale for frequentist counterfactual probe question and single-event counterfactual question: 0, 50 or 100; confident scale: ""Nor at all confident"", ""Mildly confident"" or ""Very confident""","Collins, D. J., & Shanks, D. R. (2006). Conformity to the power PC theory of causal induction depends on type of probe question. Quarterly Journal of Experimental Psychology, 59, 225-232.",,,,,,,,,,,,,,,,
Collins & Shanks (2006),2,,,40,mixed-design,contingency conditions were within-subject; probe questions (causal vs. frequentist counterfactual vs. single-event counterfactual question) between-subject,trial-by-trial,generative,Table1,32,8,4,36,0.80,0.10,0.70,0.78,0.50,0.45,0.72,0.82,0.69,20.14,-3.29,0.72,0.69,82,"Prediction question: participants were asked whether the butterfly's DNA would exhibit a mutation and answer either ""YES, the mutation will occur"" or ""NO, the mutation will not occur.""; causal probe question: “To what extent does radiation cause mutations?”;
frequentist counterfactual probe question: ""How many out of 100 butterflies, none of which would show a mutation in the test if unradiated, do you estimate would show a mutation if radiated?”; single-event counterfactual question: “How likely would a butterfly, which would not show a mutation in the test if unradiated, be to show a mutation in the test if radiated?”
After the judgment scale, the participants were required to indicate how confident they were in the judgment",0-100,"judgment scale for frequentist counterfactual probe question and single-event counterfactual question: 0, 50 or 100; confident scale: ""Nor at all confident"", ""Mildly confident"" or ""Very confident""","Collins, D. J., & Shanks, D. R. (2006). Conformity to the power PC theory of causal induction depends on type of probe question. Quarterly Journal of Experimental Psychology, 59, 225-232.",,,,,,,,,,,,,,,,
Collins & Shanks (2006),2,,,40,mixed-design,contingency conditions were within-subject; probe questions (causal vs. frequentist counterfactual vs. single-event counterfactual question) between-subject,trial-by-trial,generative,Table 1,36,4,22,18,0.90,0.55,0.35,0.78,0.50,0.73,0.45,0.51,0.56,5.66,-3.32,0.54,0.37,63,"Prediction question: participants were asked whether the butterfly's DNA would exhibit a mutation and answer either ""YES, the mutation will occur"" or ""NO, the mutation will not occur.""; causal probe question: “To what extent does radiation cause mutations?”;
frequentist counterfactual probe question: ""How many out of 100 butterflies, none of which would show a mutation in the test if unradiated, do you estimate would show a mutation if radiated?”; single-event counterfactual question: “How likely would a butterfly, which would not show a mutation in the test if unradiated, be to show a mutation in the test if radiated?”
After the judgment scale, the participants were required to indicate how confident they were in the judgment",0-100,"judgment scale for frequentist counterfactual probe question and single-event counterfactual question: 0, 50 or 100; confident scale: ""Nor at all confident"", ""Mildly confident"" or ""Very confident""","Collins, D. J., & Shanks, D. R. (2006). Conformity to the power PC theory of causal induction depends on type of probe question. Quarterly Journal of Experimental Psychology, 59, 225-232.",,,,,,,,,,,,,,,,
Collins & Shanks (2006),2,,,40,mixed-design,contingency conditions were within-subject; probe questions (causal vs. frequentist counterfactual vs. single-event counterfactual question) between-subject,trial-by-trial,generative,Table 1,14,26,0,40,0.35,0.00,0.35,0.35,0.50,0.18,0.35,0.40,0.33,8.08,-2.25,0.25,0.32,49,"Prediction question: participants were asked whether the butterfly's DNA would exhibit a mutation and answer either ""YES, the mutation will occur"" or ""NO, the mutation will not occur.""; causal probe question: “To what extent does radiation cause mutations?”;
frequentist counterfactual probe question: ""How many out of 100 butterflies, none of which would show a mutation in the test if unradiated, do you estimate would show a mutation if radiated?”; single-event counterfactual question: “How likely would a butterfly, which would not show a mutation in the test if unradiated, be to show a mutation in the test if radiated?”
After the judgment scale, the participants were required to indicate how confident they were in the judgment",0-100,"judgment scale for frequentist counterfactual probe question and single-event counterfactual question: 0, 50 or 100; confident scale: ""Nor at all confident"", ""Mildly confident"" or ""Very confident""","Collins, D. J., & Shanks, D. R. (2006). Conformity to the power PC theory of causal induction depends on type of probe question. Quarterly Journal of Experimental Psychology, 59, 225-232.",,,,,,,,,,,,,,,,
Collins & Shanks (2006),2,,,40,mixed-design,contingency conditions were within-subject; probe questions (causal vs. frequentist counterfactual vs. single-event counterfactual question) between-subject,trial-by-trial,generative,,20,20,20,20,0.50,0.50,0.00,0.00,0.50,0.50,0.10,0.10,0.08,-1.37,-1.36,0.09,0.00,32,"Prediction question: participants were asked whether the butterfly's DNA would exhibit a mutation and answer either ""YES, the mutation will occur"" or ""NO, the mutation will not occur.""; causal probe question: “To what extent does radiation cause mutations?”;
frequentist counterfactual probe question: ""How many out of 100 butterflies, none of which would show a mutation in the test if unradiated, do you estimate would show a mutation if radiated?”; single-event counterfactual question: “How likely would a butterfly, which would not show a mutation in the test if unradiated, be to show a mutation in the test if radiated?”
After the judgment scale, the participants were required to indicate how confident they were in the judgment",0-100,"judgment scale for frequentist counterfactual probe question and single-event counterfactual question: 0, 50 or 100; confident scale: ""Nor at all confident"", ""Mildly confident"" or ""Very confident""","Collins, D. J., & Shanks, D. R. (2006). Conformity to the power PC theory of causal induction depends on type of probe question. Quarterly Journal of Experimental Psychology, 59, 225-232.",,,,,,,,,,,,,,,,
Vallée-Tourangeu et al. (1998),1,24,2,22,within-subjects,"every participant had to work on six conditions: 2x3-design: contingency 0 vs 0.5 and basisrate 0.25, 0.50, 0.75",trial-by-trial,bidirectional,"Table 1, Appendix",5,15,5,15,0.25,0.25,0.00,0.00,0.50,0.25,0.05,0.05,0.03,-1.55,-0.61,-0.08,0.00,-20,"First, the participants were prompted to make a diagnosis by entering 1 for the disease or 0 for the absence of the disease; After 20 trials, the participants rated the causal role of the virus.",-100-100',positive rating = the virus caused disease; negative rating = the virus prevented disease ,"Vallée-Tourangeau, F., Murphy, R. A., Drew, S., & Baker, A. G. (1998). Judging the importance of constant and variable candidate causes: A test of the power PC theory. Quarterly Journal of Experimental Psychology, 51A, 65-84.",,,,,,,,,,,,,,,,
Vallée-Tourangeu et al. (1998),1,24,2,22,within-subjects,"every participant had to work on six conditions: 2x3-design: contingency 0 vs 0.5 and basisrate 0.25, 0.50, 0.75",trial-by-trial,bidirectional,"Table 1, Appendix",10,10,10,10,0.50,0.50,0.00,0.00,0.50,0.50,0.10,0.10,0.08,-1.07,-1.07,0.09,0.00,1,"First, the participants were prompted to make a diagnosis by entering 1 for the disease or 0 for the absence of the disease; After 20 trials, the participants rated the causal role of the virus.",-100-100',positive rating = the virus caused disease; negative rating = the virus prevented disease ,"Vallée-Tourangeau, F., Murphy, R. A., Drew, S., & Baker, A. G. (1998). Judging the importance of constant and variable candidate causes: A test of the power PC theory. Quarterly Journal of Experimental Psychology, 51A, 65-84.",,,,,,,,,,,,,,,,
Vallée-Tourangeu et al. (1998),1,24,2,22,within-subjects,"every participant had to work on six conditions: 2x3-design: contingency 0 vs 0.5 and basisrate 0.25, 0.50, 0.75",trial-by-trial,bidirectional,"Table 1, Appendix",15,5,15,5,0.75,0.75,0.00,0.00,0.50,0.75,0.14,0.15,0.17,-0.61,-1.55,0.24,0.00,30,"First, the participants were prompted to make a diagnosis by entering 1 for the disease or 0 for the absence of the disease; After 20 trials, the participants rated the causal role of the virus.",-100-100',positive rating = the virus caused disease; negative rating = the virus prevented disease ,"Vallée-Tourangeau, F., Murphy, R. A., Drew, S., & Baker, A. G. (1998). Judging the importance of constant and variable candidate causes: A test of the power PC theory. Quarterly Journal of Experimental Psychology, 51A, 65-84.",,,,,,,,,,,,,,,,
Vallée-Tourangeu et al. (1998),1,24,2,22,within-subjects,"every participant had to work on six conditions: 2x3-design: contingency 0 vs 0.5 and basisrate 0.25, 0.50, 0.75",trial-by-trial,bidirectional,"Table 1, Appendix",10,10,0,20,0.50,0.00,0.50,0.50,0.50,0.25,0.50,0.57,0.47,6.10,-2.04,0.44,0.46,19,"First, the participants were prompted to make a diagnosis by entering 1 for the disease or 0 for the absence of the disease; After 20 trials, the participants rated the causal role of the virus.",-100-100',positive rating = the virus caused disease; negative rating = the virus prevented disease ,"Vallée-Tourangeau, F., Murphy, R. A., Drew, S., & Baker, A. G. (1998). Judging the importance of constant and variable candidate causes: A test of the power PC theory. Quarterly Journal of Experimental Psychology, 51A, 65-84.",,,,,,,,,,,,,,,,
Vallée-Tourangeu et al. (1998),1,24,2,22,within-subjects,"every participant had to work on six conditions: 2x3-design: contingency 0 vs 0.5 and basisrate 0.25, 0.50, 0.75",trial-by-trial,bidirectional,"Table 1, Appendix",15,5,5,15,0.75,0.25,0.50,0.67,0.50,0.50,0.55,0.62,0.56,4.31,-2.43,0.57,0.50,55,"First, the participants were prompted to make a diagnosis by entering 1 for the disease or 0 for the absence of the disease; After 20 trials, the participants rated the causal role of the virus.",-100-100',positive rating = the virus caused disease; negative rating = the virus prevented disease ,"Vallée-Tourangeau, F., Murphy, R. A., Drew, S., & Baker, A. G. (1998). Judging the importance of constant and variable candidate causes: A test of the power PC theory. Quarterly Journal of Experimental Psychology, 51A, 65-84.",,,,,,,,,,,,,,,,
Vallée-Tourangeu et al. (1998),1,24,2,22,within-subjects,"every participant had to work on six conditions: 2x3-design: contingency 0 vs 0.5 and basisrate 0.25, 0.50, 0.75",trial-by-trial,bidirectional,"Table 1, Appendix",20,0,10,10,1.00,0.50,0.50,1.00,0.50,0.75,0.60,0.68,0.72,6.80,-3.03,0.68,0.54,94,"First, the participants were prompted to make a diagnosis by entering 1 for the disease or 0 for the absence of the disease; After 20 trials, the participants rated the causal role of the virus.",-100-100',positive rating = the virus caused disease; negative rating = the virus prevented disease ,"Vallée-Tourangeau, F., Murphy, R. A., Drew, S., & Baker, A. G. (1998). Judging the importance of constant and variable candidate causes: A test of the power PC theory. Quarterly Journal of Experimental Psychology, 51A, 65-84.",,,,,,,,,,,,,,,,
Vallée-Tourangeu et al. (1998),2,24,1,23,within-subjects,"every participant had to work on six conditions: 2x3-design: contingency 0 vs -0.5 and basisrate 0.25, 0.50, 0.75",trial-by-trial,bidirectional,"Table 1, Appendix",5,15,5,15,0.25,0.25,0.00,0.00,0.50,0.25,0.05,0.05,0.03,-1.55,-0.62,-0.08,0.00,-6,"First, the participants were prompted to make a diagnosis by entering 1 for the disease or 0 for the absence of the disease; After 20 trials, the participants rated the causal role of the virus.",-100-100',positive rating = the virus caused disease; negative rating = the virus prevented disease ,"Vallée-Tourangeau, F., Murphy, R. A., Drew, S., & Baker, A. G. (1998). Judging the importance of constant and variable candidate causes: A test of the power PC theory. Quarterly Journal of Experimental Psychology, 51A, 65-84.",,,,,,,,,,,,,,,,
Vallée-Tourangeu et al. (1998),2,24,1,23,within-subjects,"every participant had to work on six conditions: 2x3-design: contingency 0 vs -0.5 and basisrate 0.25, 0.50, 0.75",trial-by-trial,bidirectional,"Table 1, Appendix",10,10,10,10,0.50,0.50,0.00,0.00,0.50,0.50,0.10,0.10,0.08,-1.07,-1.07,0.09,0.00,16,"First, the participants were prompted to make a diagnosis by entering 1 for the disease or 0 for the absence of the disease; After 20 trials, the participants rated the causal role of the virus.",-100-100',positive rating = the virus caused disease; negative rating = the virus prevented disease ,"Vallée-Tourangeau, F., Murphy, R. A., Drew, S., & Baker, A. G. (1998). Judging the importance of constant and variable candidate causes: A test of the power PC theory. Quarterly Journal of Experimental Psychology, 51A, 65-84.",,,,,,,,,,,,,,,,
Vallée-Tourangeu et al. (1998),2,24,1,23,within-subjects,"every participant had to work on six conditions: 2x3-design: contingency 0 vs - 0.5 and basisrate 0.25, 0.50, 0.75",trial-by-trial,bidirectional,"Table 1, Appendix",15,5,15,5,0.75,0.75,0.00,0.00,0.50,0.75,0.14,0.15,0.17,-0.62,-1.55,0.24,0.00,39,"First, the participants were prompted to make a diagnosis by entering 1 for the disease or 0 for the absence of the disease; After 20 trials, the participants rated the causal role of the virus.",-100 - 100,positive rating = the virus caused disease; negative rating = the virus prevented disease ,"Vallée-Tourangeau, F., Murphy, R. A., Drew, S., & Baker, A. G. (1998). Judging the importance of constant and variable candidate causes: A test of the power PC theory. Quarterly Journal of Experimental Psychology, 51A, 65-84.",,,,,,,,,,,,,,,,
Vallée-Tourangeu et al. (1998),2,24,1,23,within-subjects,"every participant had to work on six conditions: 2x3-design: contingency 0 vs - 0.5 and basisrate 0.25, 0.50, 0.75",trial-by-trial,bidirectional,"Table 1, Appendix",0,20,10,10,0.00,0.50,-0.50,-1.00,0.50,0.25,-0.41,-0.47,-0.73,-3.04,6.80,-0.65,-0.46,-73,"First, the participants were prompted to make a diagnosis by entering 1 for the disease or 0 for the absence of the disease; After 20 trials, the participants rated the causal role of the virus.",-100 - 100,positive rating = the virus caused disease; negative rating = the virus prevented disease ,"Vallée-Tourangeau, F., Murphy, R. A., Drew, S., & Baker, A. G. (1998). Judging the importance of constant and variable candidate causes: A test of the power PC theory. Quarterly Journal of Experimental Psychology, 51A, 65-84.",,,,,,,,,,,,,,,,
Vallée-Tourangeu et al. (1998),2,24,1,23,within-subjects,"every participant had to work on six conditions: 2x3-design: contingency 0 vs - 0.5 and basisrate 0.25, 0.50, 0.75",trial-by-trial,bidirectional,"Table 1, Appendix",5,15,15,5,0.25,0.75,-0.50,-0.67,0.50,0.50,-0.36,-0.42,-0.51,-2.43,4.31,-0.43,-0.50,-28,"First, the participants were prompted to make a diagnosis by entering 1 for the disease or 0 for the absence of the disease; After 20 trials, the participants rated the causal role of the virus.",-100 - 100,positive rating = the virus caused disease; negative rating = the virus prevented disease ,"Vallée-Tourangeau, F., Murphy, R. A., Drew, S., & Baker, A. G. (1998). Judging the importance of constant and variable candidate causes: A test of the power PC theory. Quarterly Journal of Experimental Psychology, 51A, 65-84.",,,,,,,,,,,,,,,,
Vallée-Tourangeu et al. (1998),2,24,1,23,within-subjects,"every participant had to work on six conditions: 2x3-design: contingency 0 vs - 0.5 and basisrate 0.25, 0.50, 0.75",trial-by-trial,bidirectional,"Table 1, Appendix",10,10,20,0,0.50,1.00,-0.50,-0.50,0.50,0.75,-0.31,-0.37,-0.39,-2.04,6.10,-0.24,-0.54,-15,"First, the participants were prompted to make a diagnosis by entering 1 for the disease or 0 for the absence of the disease; After 20 trials, the participants rated the causal role of the virus.",-100 - 100,positive rating = the virus caused disease; negative rating = the virus prevented disease ,"Vallée-Tourangeau, F., Murphy, R. A., Drew, S., & Baker, A. G. (1998). Judging the importance of constant and variable candidate causes: A test of the power PC theory. Quarterly Journal of Experimental Psychology, 51A, 65-84.",,,,,,,,,,,,,,,,
White (2003),2,,,40,within-subjects,3 (pCI; .17 vs. .33 vs. .50) x 2 (high vs. low occurrence rate) analysis of variance (ANOVA) with repeated measures on both factors and 2 (deltaP; .5 vs. .25) x 2 (high vs. low occurrence rate) ANOVA with repeated measures on both factors.,trial-by-trial,generative,Table 4,4,0,10,10,1.00,0.50,0.50,1.00,0.17,0.58,0.60,0.68,0.72,1.61,-1.61,0.26,0.54,40,All participants had to judge the extent to which they agreed with the statement that manganese trioxide causes allergic reactions in the patient.,0-100,0 = means that the statement is definitely not right; 100 = the statement is definitely right.,"White, P. A. (2003). Making Causal Judgments From the Proportion of Confirming Instances: The pCI Rule. Journal of Experimental Psychology: Learning, Memory, and Cognition, 29( 4), 710–727",,,,,,,,,,,,,,,,
White (2003),2,,,40,within-subjects,3 (pCI; .17 vs. .33 vs. .50) x 2 (high vs. low occurrence rate) analysis of variance (ANOVA) with repeated measures on both factors and 2 (deltaP; .5 vs. .25) x 2 (high vs. low occurrence rate) ANOVA with repeated measures on both factors.,trial-by-trial,generative,Table 4,10,10,0,4,0.50,0.00,0.50,0.50,0.83,0.42,0.50,0.57,0.47,1.07,-1.42,0.25,0.46,47,All participants had to judge the extent to which they agreed with the statement that manganese trioxide causes allergic reactions in the patient.,0-100,0 = means that the statement is definitely not right; 100 = the statement is definitely right.,"White, P. A. (2003). Making Causal Judgments From the Proportion of Confirming Instances: The pCI Rule. Journal of Experimental Psychology: Learning, Memory, and Cognition, 29( 4), 710–727",,,,,,,,,,,,,,,,
White (2003),2,,,40,within-subjects,3 (pCI; .17 vs. .33 vs. .50) x 2 (high vs. low occurrence rate) analysis of variance (ANOVA) with repeated measures on both factors and 2 (deltaP; .5 vs. .25) x 2 (high vs. low occurrence rate) ANOVA with repeated measures on both factors.,trial-by-trial,generative,Table 4,8,0,8,8,1.00,0.50,0.50,1.00,0.33,0.67,0.60,0.68,0.72,2.98,-2.20,0.50,0.54,60,All participants had to judge the extent to which they agreed with the statement that manganese trioxide causes allergic reactions in the patient.,0-100,0 = means that the statement is definitely not right; 100 = the statement is definitely right.,"White, P. A. (2003). Making Causal Judgments From the Proportion of Confirming Instances: The pCI Rule. Journal of Experimental Psychology: Learning, Memory, and Cognition, 29( 4), 710–727",,,,,,,,,,,,,,,,
White (2003),2,,,40,within-subjects,3 (pCI; .17 vs. .33 vs. .50) x 2 (high vs. low occurrence rate) analysis of variance (ANOVA) with repeated measures on both factors and 2 (deltaP; .5 vs. .25) x 2 (high vs. low occurrence rate) ANOVA with repeated measures on both factors.,trial-by-trial,generative,Table 4,8,8,0,8,0.50,0.00,0.50,0.50,0.67,0.33,0.50,0.57,0.47,2.34,-1.63,0.34,0.46,47,All participants had to judge the extent to which they agreed with the statement that manganese trioxide causes allergic reactions in the patient.,0-100,0 = means that the statement is definitely not right; 100 = the statement is definitely right.,"White, P. A. (2003). Making Causal Judgments From the Proportion of Confirming Instances: The pCI Rule. Journal of Experimental Psychology: Learning, Memory, and Cognition, 29( 4), 710–727",,,,,,,,,,,,,,,,
White (2003),2,,,40,within-subjects,3 (pCI; .17 vs. .33 vs. .50) x 2 (high vs. low occurrence rate) analysis of variance (ANOVA) with repeated measures on both factors and 2 (deltaP; .5 vs. .25) x 2 (high vs. low occurrence rate) ANOVA with repeated measures on both factors.,trial-by-trial,generative,Table 4,12,0,6,6,1.00,0.50,0.50,1.00,0.50,0.75,0.60,0.68,0.72,3.84,-2.56,0.68,0.54,74,All participants had to judge the extent to which they agreed with the statement that manganese trioxide causes allergic reactions in the patient.,0-100,0 = means that the statement is definitely not right; 100 = the statement is definitely right.,"White, P. A. (2003). Making Causal Judgments From the Proportion of Confirming Instances: The pCI Rule. Journal of Experimental Psychology: Learning, Memory, and Cognition, 29( 4), 710–727",,,,,,,,,,,,,,,,
White (2003),2,,,40,within-subjects,3 (pCI; .17 vs. .33 vs. .50) x 2 (high vs. low occurrence rate) analysis of variance (ANOVA) with repeated measures on both factors and 2 (deltaP; .5 vs. .25) x 2 (high vs. low occurrence rate) ANOVA with repeated measures on both factors.,trial-by-trial,generative,Table 4,6,6,0,12,0.50,0.00,0.50,0.50,0.50,0.25,0.50,0.57,0.47,3.14,-1.62,0.44,0.46,55,All participants had to judge the extent to which they agreed with the statement that manganese trioxide causes allergic reactions in the patient.,0-100,0 = means that the statement is definitely not right; 100 = the statement is definitely right.,"White, P. A. (2003). Making Causal Judgments From the Proportion of Confirming Instances: The pCI Rule. Journal of Experimental Psychology: Learning, Memory, and Cognition, 29( 4), 710–727",,,,,,,,,,,,,,,,
White (2003),2,,,40,within-subjects,3 (pCI; .17 vs. .33 vs. .50) x 2 (high vs. low occurrence rate) analysis of variance (ANOVA) with repeated measures on both factors and 2 (deltaP; .5 vs. .25) x 2 (high vs. low occurrence rate) ANOVA with repeated measures on both factors.,trial-by-trial,generative,Table 4,12,4,4,4,0.75,0.50,0.25,0.50,0.67,0.67,0.35,0.39,0.40,0.54,-1.84,0.49,0.26,61,All participants had to judge the extent to which they agreed with the statement that manganese trioxide causes allergic reactions in the patient.,0-100,0 = means that the statement is definitely not right; 100 = the statement is definitely right.,"White, P. A. (2003). Making Causal Judgments From the Proportion of Confirming Instances: The pCI Rule. Journal of Experimental Psychology: Learning, Memory, and Cognition, 29( 4), 710–727",,,,,,,,,,,,,,,,
White (2003),2,,,40,within-subjects,3 (pCI; .17 vs. .33 vs. .50) x 2 (high vs. low occurrence rate) analysis of variance (ANOVA) with repeated measures on both factors and 2 (deltaP; .5 vs. .25) x 2 (high vs. low occurrence rate) ANOVA with repeated measures on both factors,trial-by-trial,generative,Table 4,4,4,4,12,0.50,0.25,0.25,0.33,0.33,0.33,0.30,0.34,0.30,0.14,-1.20,0.31,0.24,43,All participants had to judge the extent to which they agreed with the statement that manganese trioxide causes allergic reactions in the patient.,0-100,0 = means that the statement is definitely not right; 100 = the statement is definitely right.,"White, P. A. (2003). Making Causal Judgments From the Proportion of Confirming Instances: The pCI Rule. Journal of Experimental Psychology: Learning, Memory, and Cognition, 29( 4), 710–727",,,,,,,,,,,,,,,,
White (2003),6,,,43,within-subjects,"2 (pCI; -.17 vs. .17) x 2 (low vs. high occurrence rate) ANOVA with repeated measures on both factors, while holding deltaP constant at zero and constant the values of other variables.",trial-by-trial,generative,Table 11,6,12,2,4,0.33,0.33,0.00,0.00,0.75,0.33,0.06,0.07,0.05,-1.16,-0.50,-0.10,0.00,31,All participants had to judge the extent to which they agreed with the statement that manganese trioxide causes allergic reactions in the patient.,0-100,0 = means that the statement is definitely not right; 100 = the statement is definitely right.,"White, P. A. (2003). Making Causal Judgments From the Proportion of Confirming Instances: The pCI Rule. Journal of Experimental Psychology: Learning, Memory, and Cognition, 29( 4), 710–727",,,,,,,,,,,,,,,,
White (2003),6,,,43,within-subjects,"2 (pCI; -.17 vs. .17) x 2 (low vs. high occurrence rate) ANOVA with repeated measures on both factors, while holding deltaP constant at zero and constant the values of other variables.",trial-by-trial,generative,Table 11,4,2,12,6,0.67,0.67,0.00,0.00,0.25,0.67,0.13,0.14,0.13,-0.48,-0.93,-0.04,0.00,35,All participants had to judge the extent to which they agreed with the statement that manganese trioxide causes allergic reactions in the patient.,0-100,0 = means that the statement is definitely not right; 100 = the statement is definitely right.,"White, P. A. (2003). Making Causal Judgments From the Proportion of Confirming Instances: The pCI Rule. Journal of Experimental Psychology: Learning, Memory, and Cognition, 29( 4), 710–727",,,,,,,,,,,,,,,,
White (2003),6,,,43,within-subjects,"2 (pCI; -.17 vs. .17) x 2 (low vs. high occurrence rate) ANOVA with repeated measures on both factors, while holding deltaP constant at zero and constant the values of other variables.",trial-by-trial,generative,Table 11,2,4,6,12,0.33,0.33,0.00,0.00,0.25,0.33,0.06,0.07,0.05,-0.93,-0.48,0.10,0.00,29,All participants had to judge the extent to which they agreed with the statement that manganese trioxide causes allergic reactions in the patient.,0-100,0 = means that the statement is definitely not right; 100 = the statement is definitely right.,"White, P. A. (2003). Making Causal Judgments From the Proportion of Confirming Instances: The pCI Rule. Journal of Experimental Psychology: Learning, Memory, and Cognition, 29( 4), 710–727",,,,,,,,,,,,,,,,
White (2003),6,,,43,within-subjects,"2 (pCI; -.17 vs. .17) x 2 (low vs. high occurrence rate) ANOVA with repeated measures on both factors, while holding deltaP constant at zero and constant the values of other variables.",trial-by-trial,generative,Table 11,12,6,4,2,0.67,0.67,0.00,0.00,0.75,0.67,0.13,0.14,0.13,-0.50,-1.16,0.36,0.00,54,All participants had to judge the extent to which they agreed with the statement that manganese trioxide causes allergic reactions in the patient.,0-100,0 = means that the statement is definitely not right; 100 = the statement is definitely right.,"White, P. A. (2003). Making Causal Judgments From the Proportion of Confirming Instances: The pCI Rule. Journal of Experimental Psychology: Learning, Memory, and Cognition, 29( 4), 710–727",,,,,,,,,,,,,,,,
Buehner et al. (2003) (generative component),1,,,52,mixed-design,"contingency conditions varied within-subjects, whereas generative versus preventive instructions differed between subjects.",trial-by-trial,generative,Table 2,8,0,0,8,1.00,0.00,1.00,1.00,0.50,0.50,1.00,1.15,0.93,8.02,-2.20,1.00,1.00,89,Participants were asked to rate how strongly they thought the particular rays cause mutation,0-100,"0 = the ray does not cause mutation at all, 100 = the rays cause mutation every time","Buehner, M. J., Cheng, P. W., & Clifford, D. (2003). From covariation to causation: A test of the assumption of causal power. Journal of Experimental Psychology: Learning, Memory, & Cognition, 29, 1119-1140.
1119-1140.",,,,,,,,,,,,,,,,
Buehner et al. (2003) (generative component),1,,,52,mixed-design,"contingency conditions varied within-subjects, whereas generative versus preventive instructions differed between subjects.",trial-by-trial,generative,Table 2,8,0,2,6,1.00,0.25,0.75,1.00,0.50,0.63,0.80,0.91,0.83,4.50,-2.20,0.84,0.78,77,Participants were asked to rate how strongly they thought the particular rays cause mutation,0-100,"0 = the ray does not cause mutation at all, 100 = the rays cause mutation every time","Buehner, M. J., Cheng, P. W., & Clifford, D. (2003). From covariation to causation: A test of the assumption of causal power. Journal of Experimental Psychology: Learning, Memory, & Cognition, 29, 1119-1140.
1119-1140.",,,,,,,,,,,,,,,,
Buehner et al. (2003) (generative component),1,,,52,mixed-design,"contingency conditions varied within-subjects, whereas generative versus preventive instructions differed between subjects.",trial-by-trial,generative,Table 2,6,2,0,8,0.75,0.00,0.75,0.75,0.50,0.38,0.75,0.86,0.70,4.21,-1.77,0.74,0.72,69,Participants were asked to rate how strongly they thought the particular rays cause mutation,0-100,"0 = the ray does not cause mutation at all, 100 = the rays cause mutation every time","Buehner, M. J., Cheng, P. W., & Clifford, D. (2003). From covariation to causation: A test of the assumption of causal power. Journal of Experimental Psychology: Learning, Memory, & Cognition, 29, 1119-1140.
1119-1140.",,,,,,,,,,,,,,,,
Buehner et al. (2003) (generative component),1,,,52,mixed-design,"contingency conditions varied within-subjects, whereas generative versus preventive instructions differed between subjects.",trial-by-trial,generative,Table 2,8,0,4,4,1.00,0.50,0.50,1.00,0.50,0.75,0.60,0.68,0.72,2.48,-2.20,0.68,0.54,71,Participants were asked to rate how strongly they thought the particular rays cause mutation,0-100,"0 = the ray does not cause mutation at all, 100 = the rays cause mutation every time","Buehner, M. J., Cheng, P. W., & Clifford, D. (2003). From covariation to causation: A test of the assumption of causal power. Journal of Experimental Psychology: Learning, Memory, & Cognition, 29, 1119-1140.
1119-1140.",,,,,,,,,,,,,,,,
Buehner et al. (2003) (generative component),1,,,52,mixed-design,"contingency conditions varied within-subjects, whereas generative versus preventive instructions differed between subjects.",trial-by-trial,generative,Table 2,6,2,2,6,0.75,0.25,0.50,0.67,0.50,0.50,0.55,0.62,0.56,1.59,-1.66,0.57,0.50,54,Participants were asked to rate how strongly they thought the particular rays cause mutation,0-100,"0 = the ray does not cause mutation at all, 100 = the rays cause mutation every time","Buehner, M. J., Cheng, P. W., & Clifford, D. (2003). From covariation to causation: A test of the assumption of causal power. Journal of Experimental Psychology: Learning, Memory, & Cognition, 29, 1119-1140.
1119-1140.",,,,,,,,,,,,,,,,
Buehner et al. (2003) (generative component),1,,,52,mixed-design,"contingency conditions varied within-subjects, whereas generative versus preventive instructions differed between subjects.",trial-by-trial,generative,Table 2,4,4,0,8,0.50,0.00,0.50,0.50,0.50,0.25,0.50,0.57,0.47,1.79,-1.31,0.44,0.46,57,Participants were asked to rate how strongly they thought the particular rays cause mutation,0-100,"0 = the ray does not cause mutation at all, 100 = the rays cause mutation every time","Buehner, M. J., Cheng, P. W., & Clifford, D. (2003). From covariation to causation: A test of the assumption of causal power. Journal of Experimental Psychology: Learning, Memory, & Cognition, 29, 1119-1140.
1119-1140.",,,,,,,,,,,,,,,,
Buehner et al. (2003) (generative component),1,,,52,mixed-design,"contingency conditions varied within-subjects, whereas generative versus preventive instructions differed between subjects.",trial-by-trial,generative,Table 2,8,0,6,2,1.00,0.75,0.25,1.00,0.50,0.88,0.39,0.44,0.59,1.17,-2.21,0.52,0.28,58,Participants were asked to rate how strongly they thought the particular rays cause mutation,0-100,"0 = the ray does not cause mutation at all, 100 = the rays cause mutation every time","Buehner, M. J., Cheng, P. W., & Clifford, D. (2003). From covariation to causation: A test of the assumption of causal power. Journal of Experimental Psychology: Learning, Memory, & Cognition, 29, 1119-1140.
1119-1140.",,,,,,,,,,,,,,,,
Buehner et al. (2003) (generative component),1,,,52,mixed-design,"contingency conditions varied within-subjects, whereas generative versus preventive instructions differed between subjects.",trial-by-trial,generative,Table 2,6,2,4,4,0.75,0.50,0.25,0.50,0.50,0.63,0.35,0.39,0.40,0.38,-1.48,0.40,0.26,47,Participants were asked to rate how strongly they thought the particular rays cause mutation,0-100,"0 = the ray does not cause mutation at all, 100 = the rays cause mutation every time","Buehner, M. J., Cheng, P. W., & Clifford, D. (2003). From covariation to causation: A test of the assumption of causal power. Journal of Experimental Psychology: Learning, Memory, & Cognition, 29, 1119-1140.
1119-1140.",,,,,,,,,,,,,,,,
Buehner et al. (2003) (generative component),1,,,52,mixed-design,"contingency conditions varied within-subjects, whereas generative versus preventive instructions differed between subjects.",trial-by-trial,generative,Table 2,4,4,2,6,0.50,0.25,0.25,0.33,0.50,0.38,0.30,0.34,0.30,0.00,-1.08,0.27,0.24,46,Participants were asked to rate how strongly they thought the particular rays cause mutation,0-100,"0 = the ray does not cause mutation at all, 100 = the rays cause mutation every time","Buehner, M. J., Cheng, P. W., & Clifford, D. (2003). From covariation to causation: A test of the assumption of causal power. Journal of Experimental Psychology: Learning, Memory, & Cognition, 29, 1119-1140.
1119-1140.",,,,,,,,,,,,,,,,
Buehner et al. (2003) (generative component),1,,,52,mixed-design,"contingency conditions varied within-subjects, whereas generative versus preventive instructions differed between subjects.",trial-by-trial,generative,Table 2,2,6,0,8,0.25,0.00,0.25,0.25,0.50,0.13,0.25,0.29,0.23,-0.12,-0.72,0.11,0.22,34,Participants were asked to rate how strongly they thought the particular rays cause mutation,0-100,"0 = the ray does not cause mutation at all, 100 = the rays cause mutation every time","Buehner, M. J., Cheng, P. W., & Clifford, D. (2003). From covariation to causation: A test of the assumption of causal power. Journal of Experimental Psychology: Learning, Memory, & Cognition, 29, 1119-1140.
1119-1140.",,,,,,,,,,,,,,,,
Buehner et al. (2003) (generative component),1,,,52,mixed-design,"contingency conditions varied within-subjects, whereas generative versus preventive instructions differed between subjects.",trial-by-trial,generative,Table 2,8,0,8,0,1.00,1.00,0.00,NA,0.50,1.00,0.19,0.21,0.40,0.31,-2.21,0.37,0.00,41,Participants were asked to rate how strongly they thought the particular rays cause mutation,0-100,"0 = the ray does not cause mutation at all, 100 = the rays cause mutation every time","Buehner, M. J., Cheng, P. W., & Clifford, D. (2003). From covariation to causation: A test of the assumption of causal power. Journal of Experimental Psychology: Learning, Memory, & Cognition, 29, 1119-1140.
1119-1140.",,,,,,,,,,,,,,,,
Buehner et al. (2003) (generative component),1,,,52,mixed-design,"contingency conditions varied within-subjects, whereas generative versus preventive instructions differed between subjects.",trial-by-trial,generative,Table 2,6,2,6,2,0.75,0.75,0.00,0.00,0.50,0.75,0.14,0.15,0.17,-0.31,-1.14,0.24,0.00,43,Participants were asked to rate how strongly they thought the particular rays cause mutation,0-100,"0 = the ray does not cause mutation at all, 100 = the rays cause mutation every time","Buehner, M. J., Cheng, P. W., & Clifford, D. (2003). From covariation to causation: A test of the assumption of causal power. Journal of Experimental Psychology: Learning, Memory, & Cognition, 29, 1119-1140.
1119-1140.",,,,,,,,,,,,,,,,
Buehner et al. (2003) (generative component),1,,,52,mixed-design,"contingency conditions varied within-subjects, whereas generative versus preventive instructions differed between subjects.",trial-by-trial,generative,Table 2,4,4,4,4,0.50,0.50,0.00,0.00,0.50,0.50,0.10,0.10,0.08,-0.70,-0.71,0.09,0.00,37,Participants were asked to rate how strongly they thought the particular rays cause mutation,0-100,"0 = the ray does not cause mutation at all, 100 = the rays cause mutation every time","Buehner, M. J., Cheng, P. W., & Clifford, D. (2003). From covariation to causation: A test of the assumption of causal power. Journal of Experimental Psychology: Learning, Memory, & Cognition, 29, 1119-1140.
1119-1140.",,,,,,,,,,,,,,,,
Buehner et al. (2003) (generative component),1,,,52,mixed-design,"contingency conditions varied within-subjects, whereas generative versus preventive instructions differed between subjects.",trial-by-trial,generative,Table 2,2,6,2,6,0.25,0.25,0.00,0.00,0.50,0.25,0.05,0.05,0.03,-1.15,-0.31,-0.08,0.00,29,Participants were asked to rate how strongly they thought the particular rays cause mutation,0-100,"0 = the ray does not cause mutation at all, 100 = the rays cause mutation every time","Buehner, M. J., Cheng, P. W., & Clifford, D. (2003). From covariation to causation: A test of the assumption of causal power. Journal of Experimental Psychology: Learning, Memory, & Cognition, 29, 1119-1140.
1119-1140.",,,,,,,,,,,,,,,,
Buehner et al. (2003) (generative component),1,,,52,mixed-design,"contingency conditions varied within-subjects, whereas generative versus preventive instructions differed between subjects.",trial-by-trial,generative,Table 2,0,8,0,8,0.00,0.00,0.00,0.00,0.50,0.00,0.00,0.00,0.00,-2.19,0.32,-0.27,0.00,9,Participants were asked to rate how strongly they thought the particular rays cause mutation,0-100,"0 = the ray does not cause mutation at all, 100 = the rays cause mutation every time","Buehner, M. J., Cheng, P. W., & Clifford, D. (2003). From covariation to causation: A test of the assumption of causal power. Journal of Experimental Psychology: Learning, Memory, & Cognition, 29, 1119-1140.
1119-1140.",,,,,,,,,,,,,,,,
Buehner et al. (2003) (preventive component),1,,,57,mixed-design,"contingency conditions varied within-subjects, whereas generative versus preventive instructions differed between subjects.",trial-by-trial,preventive,Table 1,0,8,8,0,0.00,1.00,-1.00,-1.00,0.50,0.50,-0.81,-0.94,-0.91,-2.20,8.02,-1.00,-1.00,-94,Participants were asked to judge how strongly each vaccine prevented the disease related to the virus,0-100,"0 = the vaccine does not prevent the disease at all, 100 = the vaccine prevents the disease every time","Buehner, M. J., Cheng, P. W., & Clifford, D. (2003). From covariation to causation: A test of the assumption of causal power. Journal of Experimental Psychology: Learning, Memory, & Cognition, 29, 1119-1140.
1119-1140.",,,,,,,,,,,,,,,,
Buehner et al. (2003) (preventive component),1,,,57,mixed-design,"contingency conditions varied within-subjects, whereas generative versus preventive instructions differed between subjects.",trial-by-trial,preventive,Table 1,0,8,6,2,0.00,0.75,-0.75,-1.00,0.50,0.38,-0.61,-0.70,-0.82,-2.19,4.49,-0.83,-0.72,-85,Participants were asked to judge how strongly each vaccine prevented the disease related to the virus,0-100,"0 = the vaccine does not prevent the disease at all, 100 = the vaccine prevents the disease every time","Buehner, M. J., Cheng, P. W., & Clifford, D. (2003). From covariation to causation: A test of the assumption of causal power. Journal of Experimental Psychology: Learning, Memory, & Cognition, 29, 1119-1140.
1119-1140.",,,,,,,,,,,,,,,,
Buehner et al. (2003) (preventive component),1,,,57,mixed-design,"contingency conditions varied within-subjects, whereas generative versus preventive instructions differed between subjects.",trial-by-trial,preventive,Table 1,2,6,8,0,0.25,1.00,-0.75,-0.75,0.50,0.63,-0.56,-0.65,-0.65,-1.77,4.20,-0.59,-0.78,-72,Participants were asked to judge how strongly each vaccine prevented the disease related to the virus,0-100,"0 = the vaccine does not prevent the disease at all, 100 = the vaccine prevents the disease every time","Buehner, M. J., Cheng, P. W., & Clifford, D. (2003). From covariation to causation: A test of the assumption of causal power. Journal of Experimental Psychology: Learning, Memory, & Cognition, 29, 1119-1140.
1119-1140.",,,,,,,,,,,,,,,,
Buehner et al. (2003) (preventive component),1,,,57,mixed-design,"contingency conditions varied within-subjects, whereas generative versus preventive instructions differed between subjects.",trial-by-trial,preventive,Table 1,0,8,4,4,0.00,0.50,-0.50,-1.00,0.50,0.25,-0.41,-0.47,-0.73,-2.19,2.47,-0.65,-0.46,-79,Participants were asked to judge how strongly each vaccine prevented the disease related to the virus,0-100,"0 = the vaccine does not prevent the disease at all, 100 = the vaccine prevents the disease every time","Buehner, M. J., Cheng, P. W., & Clifford, D. (2003). From covariation to causation: A test of the assumption of causal power. Journal of Experimental Psychology: Learning, Memory, & Cognition, 29, 1119-1140.
1119-1140.",,,,,,,,,,,,,,,,
Buehner et al. (2003) (preventive component),1,,,57,mixed-design,"contingency conditions varied within-subjects, whereas generative versus preventive instructions differed between subjects.",trial-by-trial,preventive,Table 1,2,6,6,2,0.25,0.75,-0.50,-0.67,0.50,0.50,-0.36,-0.42,-0.51,-1.67,1.60,-0.43,-0.50,-65,Participants were asked to judge how strongly each vaccine prevented the disease related to the virus,0-100,"0 = the vaccine does not prevent the disease at all, 100 = the vaccine prevents the disease every time","Buehner, M. J., Cheng, P. W., & Clifford, D. (2003). From covariation to causation: A test of the assumption of causal power. Journal of Experimental Psychology: Learning, Memory, & Cognition, 29, 1119-1140.
1119-1140.",,,,,,,,,,,,,,,,
Buehner et al. (2003) (preventive component),1,,,57,mixed-design,"contingency conditions varied within-subjects, whereas generative versus preventive instructions differed between subjects.",trial-by-trial,preventive,Table 1,4,4,8,0,0.50,1.00,-0.50,-0.50,0.50,0.75,-0.31,-0.37,-0.39,-1.31,1.79,-0.24,-0.54,-46,Participants were asked to judge how strongly each vaccine prevented the disease related to the virus,0-100,"0 = the vaccine does not prevent the disease at all, 100 = the vaccine prevents the disease every time","Buehner, M. J., Cheng, P. W., & Clifford, D. (2003). From covariation to causation: A test of the assumption of causal power. Journal of Experimental Psychology: Learning, Memory, & Cognition, 29, 1119-1140.
1119-1140.",,,,,,,,,,,,,,,,
Buehner et al. (2003) (preventive component),1,,,57,mixed-design,"contingency conditions varied within-subjects, whereas generative versus preventive instructions differed between subjects.",trial-by-trial,preventive,Table 1,0,8,2,6,0.00,0.25,-0.25,-1.00,0.50,0.13,-0.20,-0.23,-0.63,-2.20,1.17,-0.46,-0.22,-72,Participants were asked to judge how strongly each vaccine prevented the disease related to the virus,0-100,"0 = the vaccine does not prevent the disease at all, 100 = the vaccine prevents the disease every time","Buehner, M. J., Cheng, P. W., & Clifford, D. (2003). From covariation to causation: A test of the assumption of causal power. Journal of Experimental Psychology: Learning, Memory, & Cognition, 29, 1119-1140.
1119-1140.",,,,,,,,,,,,,,,,
Buehner et al. (2003) (preventive component),1,,,57,mixed-design,"contingency conditions varied within-subjects, whereas generative versus preventive instructions differed between subjects.",trial-by-trial,preventive,Table 1,2,6,4,4,0.25,0.50,-0.25,-0.50,0.50,0.38,-0.16,-0.18,-0.31,-1.49,0.38,-0.25,-0.24,-59,Participants were asked to judge how strongly each vaccine prevented the disease related to the virus,0-100,"0 = the vaccine does not prevent the disease at all, 100 = the vaccine prevents the disease every time","Buehner, M. J., Cheng, P. W., & Clifford, D. (2003). From covariation to causation: A test of the assumption of causal power. Journal of Experimental Psychology: Learning, Memory, & Cognition, 29, 1119-1140.
1119-1140.",,,,,,,,,,,,,,,,
Buehner et al. (2003) (preventive component),1,,,57,mixed-design,"contingency conditions varied within-subjects, whereas generative versus preventive instructions differed between subjects.",trial-by-trial,preventive,Table 1,4,4,6,2,0.50,0.75,-0.25,-0.33,0.50,0.63,-0.11,-0.13,-0.19,-1.08,0.01,-0.07,-0.26,-43,Participants were asked to judge how strongly each vaccine prevented the disease related to the virus,0-100,"0 = the vaccine does not prevent the disease at all, 100 = the vaccine prevents the disease every time","Buehner, M. J., Cheng, P. W., & Clifford, D. (2003). From covariation to causation: A test of the assumption of causal power. Journal of Experimental Psychology: Learning, Memory, & Cognition, 29, 1119-1140.
1119-1140.",,,,,,,,,,,,,,,,
Buehner et al. (2003) (preventive component),1,,,57,mixed-design,"contingency conditions varied within-subjects, whereas generative versus preventive instructions differed between subjects.",trial-by-trial,preventive,Table 1,6,2,8,0,0.75,1.00,-0.25,-0.25,0.50,0.88,-0.06,-0.08,-0.13,-0.73,-0.13,0.08,-0.28,-21,Participants were asked to judge how strongly each vaccine prevented the disease related to the virus,0-100,"0 = the vaccine does not prevent the disease at all, 100 = the vaccine prevents the disease every time","Buehner, M. J., Cheng, P. W., & Clifford, D. (2003). From covariation to causation: A test of the assumption of causal power. Journal of Experimental Psychology: Learning, Memory, & Cognition, 29, 1119-1140.
1119-1140.",,,,,,,,,,,,,,,,
Buehner et al. (2003) (preventive component),1,,,57,mixed-design,"contingency conditions varied within-subjects, whereas generative versus preventive instructions differed between subjects.",trial-by-trial,preventive,Table 1,0,8,0,8,0.00,0.00,0.00,NA,0.50,0.00,0.00,0.00,0.00,-2.19,0.31,-0.27,0.00,-45,Participants were asked to judge how strongly each vaccine prevented the disease related to the virus,0-100,"0 = the vaccine does not prevent the disease at all, 100 = the vaccine prevents the disease every time","Buehner, M. J., Cheng, P. W., & Clifford, D. (2003). From covariation to causation: A test of the assumption of causal power. Journal of Experimental Psychology: Learning, Memory, & Cognition, 29, 1119-1140.
1119-1140.",,,,,,,,,,,,,,,,
Buehner et al. (2003) (preventive component),1,,,57,mixed-design,"contingency conditions varied within-subjects, whereas generative versus preventive instructions differed between subjects.",trial-by-trial,preventive,Table 1,2,6,2,6,0.25,0.25,0.00,0.00,0.50,0.25,0.05,0.05,0.03,-1.14,-0.31,-0.08,0.00,-48,Participants were asked to judge how strongly each vaccine prevented the disease related to the virus,0-100,"0 = the vaccine does not prevent the disease at all, 100 = the vaccine prevents the disease every time","Buehner, M. J., Cheng, P. W., & Clifford, D. (2003). From covariation to causation: A test of the assumption of causal power. Journal of Experimental Psychology: Learning, Memory, & Cognition, 29, 1119-1140.
1119-1140.",,,,,,,,,,,,,,,,
Buehner et al. (2003) (preventive component),1,,,57,mixed-design,"contingency conditions varied within-subjects, whereas generative versus preventive instructions differed between subjects.",trial-by-trial,preventive,Table 1,4,4,4,4,0.50,0.50,0.00,0.00,0.50,0.50,0.10,0.10,0.08,-0.71,-0.71,0.09,0.00,-34,Participants were asked to judge how strongly each vaccine prevented the disease related to the virus,0-100,"0 = the vaccine does not prevent the disease at all, 100 = the vaccine prevents the disease every time","Buehner, M. J., Cheng, P. W., & Clifford, D. (2003). From covariation to causation: A test of the assumption of causal power. Journal of Experimental Psychology: Learning, Memory, & Cognition, 29, 1119-1140.
1119-1140.",,,,,,,,,,,,,,,,
Buehner et al. (2003) (preventive component),1,,,57,mixed-design,"contingency conditions varied within-subjects, whereas generative versus preventive instructions differed between subjects.",trial-by-trial,preventive,Table 1,6,2,6,2,0.75,0.75,0.00,0.00,0.50,0.75,0.14,0.15,0.17,-0.30,-1.14,0.24,0.00,-23,Participants were asked to judge how strongly each vaccine prevented the disease related to the virus,0-100,"0 = the vaccine does not prevent the disease at all, 100 = the vaccine prevents the disease every time","Buehner, M. J., Cheng, P. W., & Clifford, D. (2003). From covariation to causation: A test of the assumption of causal power. Journal of Experimental Psychology: Learning, Memory, & Cognition, 29, 1119-1140.
1119-1140.",,,,,,,,,,,,,,,,
Buehner et al. (2003) (preventive component),1,,,57,mixed-design,"contingency conditions varied within-subjects, whereas generative versus preventive instructions differed between subjects.",trial-by-trial,preventive,Table 1,8,0,8,0,1.00,1.00,0.00,0.00,0.50,1.00,0.19,0.21,0.40,0.31,-2.21,0.37,0.00,-9,Participants were asked to judge how strongly each vaccine prevented the disease related to the virus,0-100,"0 = the vaccine does not prevent the disease at all, 100 = the vaccine prevents the disease every time","Buehner, M. J., Cheng, P. W., & Clifford, D. (2003). From covariation to causation: A test of the assumption of causal power. Journal of Experimental Psychology: Learning, Memory, & Cognition, 29, 1119-1140.
1119-1140.",,,,,,,,,,,,,,,,
Wasserman et al. (1996),1,,,100,mixed-design,condition running-estimate group or final-estimate group was between-subject; the 21 different contingency problems were within-subjects,trial-by-trial,bidirectional,Table 1,6,6,6,6,0.50,0.50,0.00,0.00,0.50,0.50,0.10,0.10,0.08,-0.86,-0.86,0.09,0.00,3,"First, all participants were asked to estimate their expectations of the ability of the fertilizer to affect the Lanyu’s blooming. The running-estimate group evaluated after every trial, the final-estimate group evaluated all results after the last trial.",-10 - + 10,-10 = fertilizer  may have a strong negative effect on the Lanyu’s blooming; 0 = fertilizer may have no effect on the Lanyu’s blooming; 10 = fertilizer may have a strong positive effect on the Lanyu’s blooming,"Wasserman, E. A., Kao, S.-F., Van-Hamme, L. J., Katagiri, M., & Young, M. E. (1996). Causation and association. In D. R. Shanks, K. J. Holyoak, & D. L. Medin (Eds.), The psychology of learning and motivation: Vol. 34. Causal learning (pp. 207-264). San Diego: Academic Press.",,,,,,,,,,,,,,,,
Wasserman et al. (1996),1,,,100,mixed-design,condition running-estimate group or final-estimate group was between-subject; the 21 different contingency problems were within-subjects,trial-by-trial,bidirectional,Table 1,3,3,9,9,0.50,0.50,0.00,0.00,0.25,0.50,0.10,0.10,0.08,-0.70,-0.70,0.02,0.00,-1,"First, all participants were asked to estimate their expectations of the ability of the fertilizer to affect the Lanyu’s blooming. The running-estimate group evaluated after every trial, the final-estimate group evaluated all results after the last trial.",-10 - + 10,-10 = fertilizer  may have a strong negative effect on the Lanyu’s blooming; 0 = fertilizer may have no effect on the Lanyu’s blooming; 10 = fertilizer may have a strong positive effect on the Lanyu’s blooming,"Wasserman, E. A., Kao, S.-F., Van-Hamme, L. J., Katagiri, M., & Young, M. E. (1996). Causation and association. In D. R. Shanks, K. J. Holyoak, & D. L. Medin (Eds.), The psychology of learning and motivation: Vol. 34. Causal learning (pp. 207-264). San Diego: Academic Press.",,,,,,,,,,,,,,,,
Wasserman et al. (1996),1,,,100,mixed-design,condition running-estimate group or final-estimate group was between-subject; the 21 different contingency problems were within-subjects,trial-by-trial,bidirectional,Table 1,3,9,3,9,0.25,0.25,0.00,0.00,0.50,0.25,0.05,0.05,0.03,-1.32,-0.44,-0.08,0.00,-14,"First, all participants were asked to estimate their expectations of the ability of the fertilizer to affect the Lanyu’s blooming. The running-estimate group evaluated after every trial, the final-estimate group evaluated all results after the last trial.",-10 - + 10,-10 = fertilizer  may have a strong negative effect on the Lanyu’s blooming; 0 = fertilizer may have no effect on the Lanyu’s blooming; 10 = fertilizer may have a strong positive effect on the Lanyu’s blooming,"Wasserman, E. A., Kao, S.-F., Van-Hamme, L. J., Katagiri, M., & Young, M. E. (1996). Causation and association. In D. R. Shanks, K. J. Holyoak, & D. L. Medin (Eds.), The psychology of learning and motivation: Vol. 34. Causal learning (pp. 207-264). San Diego: Academic Press.",,,,,,,,,,,,,,,,
Wasserman et al. (1996),1,,,100,mixed-design,condition running-estimate group or final-estimate group was between-subject; the 21 different contingency problems were within-subjects,trial-by-trial,bidirectional,Table 1,9,3,9,3,0.75,0.75,0.00,0.00,0.50,0.75,0.14,0.15,0.17,-0.44,-1.33,0.24,0.00,27,"First, all participants were asked to estimate their expectations of the ability of the fertilizer to affect the Lanyu’s blooming. The running-estimate group evaluated after every trial, the final-estimate group evaluated all results after the last trial.",-10 - + 10,-10 = fertilizer  may have a strong negative effect on the Lanyu’s blooming; 0 = fertilizer may have no effect on the Lanyu’s blooming; 10 = fertilizer may have a strong positive effect on the Lanyu’s blooming,"Wasserman, E. A., Kao, S.-F., Van-Hamme, L. J., Katagiri, M., & Young, M. E. (1996). Causation and association. In D. R. Shanks, K. J. Holyoak, & D. L. Medin (Eds.), The psychology of learning and motivation: Vol. 34. Causal learning (pp. 207-264). San Diego: Academic Press.",,,,,,,,,,,,,,,,
Wasserman et al. (1996),1,,,100,mixed-design,condition running-estimate group or final-estimate group was between-subject; the 21 different contingency problems were within-subjects,trial-by-trial,bidirectional,Table 1,9,9,3,3,0.50,0.50,0.00,0.00,0.75,0.50,0.10,0.10,0.08,-0.82,-0.82,0.14,0.00,8,"First, all participants were asked to estimate their expectations of the ability of the fertilizer to affect the Lanyu’s blooming. The running-estimate group evaluated after every trial, the final-estimate group evaluated all results after the last trial.",-10 - + 10,-10 = fertilizer  may have a strong negative effect on the Lanyu’s blooming; 0 = fertilizer may have no effect on the Lanyu’s blooming; 10 = fertilizer may have a strong positive effect on the Lanyu’s blooming,"Wasserman, E. A., Kao, S.-F., Van-Hamme, L. J., Katagiri, M., & Young, M. E. (1996). Causation and association. In D. R. Shanks, K. J. Holyoak, & D. L. Medin (Eds.), The psychology of learning and motivation: Vol. 34. Causal learning (pp. 207-264). San Diego: Academic Press.",,,,,,,,,,,,,,,,
Wasserman et al. (1996),1,,,100,mixed-design,condition running-estimate group or final-estimate group was between-subject; the 21 different contingency problems were within-subjects,trial-by-trial,bidirectional,Table 1,3,5,6,10,0.38,0.38,0.00,0.00,0.33,0.38,0.07,0.08,0.06,-0.96,-0.60,0.05,0.00,-4,"First, all participants were asked to estimate their expectations of the ability of the fertilizer to affect the Lanyu’s blooming. The running-estimate group evaluated after every trial, the final-estimate group evaluated all results after the last trial.",-10 - + 10,-10 = fertilizer  may have a strong negative effect on the Lanyu’s blooming; 0 = fertilizer may have no effect on the Lanyu’s blooming; 10 = fertilizer may have a strong positive effect on the Lanyu’s blooming,"Wasserman, E. A., Kao, S.-F., Van-Hamme, L. J., Katagiri, M., & Young, M. E. (1996). Causation and association. In D. R. Shanks, K. J. Holyoak, & D. L. Medin (Eds.), The psychology of learning and motivation: Vol. 34. Causal learning (pp. 207-264). San Diego: Academic Press.",,,,,,,,,,,,,,,,
Wasserman et al. (1996),1,,,100,mixed-design,condition running-estimate group or final-estimate group was between-subject; the 21 different contingency problems were within-subjects,trial-by-trial,bidirectional,Table 1,3,6,5,10,0.33,0.33,0.00,0.00,0.38,0.33,0.06,0.07,0.05,-1.07,-0.55,0.03,0.00,-7,"First, all participants were asked to estimate their expectations of the ability of the fertilizer to affect the Lanyu’s blooming. The running-estimate group evaluated after every trial, the final-estimate group evaluated all results after the last trial.",-10 - + 10,-10 = fertilizer  may have a strong negative effect on the Lanyu’s blooming; 0 = fertilizer may have no effect on the Lanyu’s blooming; 10 = fertilizer may have a strong positive effect on the Lanyu’s blooming,"Wasserman, E. A., Kao, S.-F., Van-Hamme, L. J., Katagiri, M., & Young, M. E. (1996). Causation and association. In D. R. Shanks, K. J. Holyoak, & D. L. Medin (Eds.), The psychology of learning and motivation: Vol. 34. Causal learning (pp. 207-264). San Diego: Academic Press.",,,,,,,,,,,,,,,,
Wasserman et al. (1996),1,,,100,mixed-design,condition running-estimate group or final-estimate group was between-subject; the 21 different contingency problems were within-subjects,trial-by-trial,bidirectional,Table 1,5,3,10,6,0.63,0.63,0.00,0.00,0.33,0.63,0.12,0.13,0.12,-0.60,-0.97,0.05,0.00,1,"First, all participants were asked to estimate their expectations of the ability of the fertilizer to affect the Lanyu’s blooming. The running-estimate group evaluated after every trial, the final-estimate group evaluated all results after the last trial.",-10 - + 10,-10 = fertilizer  may have a strong negative effect on the Lanyu’s blooming; 0 = fertilizer may have no effect on the Lanyu’s blooming; 10 = fertilizer may have a strong positive effect on the Lanyu’s blooming,"Wasserman, E. A., Kao, S.-F., Van-Hamme, L. J., Katagiri, M., & Young, M. E. (1996). Causation and association. In D. R. Shanks, K. J. Holyoak, & D. L. Medin (Eds.), The psychology of learning and motivation: Vol. 34. Causal learning (pp. 207-264). San Diego: Academic Press.",,,,,,,,,,,,,,,,
Wasserman et al. (1996),1,,,100,mixed-design,condition running-estimate group or final-estimate group was between-subject; the 21 different contingency problems were within-subjects,trial-by-trial,bidirectional,Table 1,5,10,3,6,0.33,0.33,0.00,0.00,0.63,0.33,0.06,0.07,0.05,-1.18,-0.57,-0.06,0.00,-17,"First, all participants were asked to estimate their expectations of the ability of the fertilizer to affect the Lanyu’s blooming. The running-estimate group evaluated after every trial, the final-estimate group evaluated all results after the last trial.",-10 - + 10,-10 = fertilizer  may have a strong negative effect on the Lanyu’s blooming; 0 = fertilizer may have no effect on the Lanyu’s blooming; 10 = fertilizer may have a strong positive effect on the Lanyu’s blooming,"Wasserman, E. A., Kao, S.-F., Van-Hamme, L. J., Katagiri, M., & Young, M. E. (1996). Causation and association. In D. R. Shanks, K. J. Holyoak, & D. L. Medin (Eds.), The psychology of learning and motivation: Vol. 34. Causal learning (pp. 207-264). San Diego: Academic Press.",,,,,,,,,,,,,,,,
Wasserman et al. (1996),1,,,100,mixed-design,condition running-estimate group or final-estimate group was between-subject; the 21 different contingency problems were within-subjects,trial-by-trial,bidirectional,Table 1,6,3,10,5,0.67,0.67,0.00,0.00,0.38,0.67,0.13,0.14,0.13,-0.56,-1.08,0.09,0.00,-1,"First, all participants were asked to estimate their expectations of the ability of the fertilizer to affect the Lanyu’s blooming. The running-estimate group evaluated after every trial, the final-estimate group evaluated all results after the last trial.",-10 - + 10,-10 = fertilizer  may have a strong negative effect on the Lanyu’s blooming; 0 = fertilizer may have no effect on the Lanyu’s blooming; 10 = fertilizer may have a strong positive effect on the Lanyu’s blooming,"Wasserman, E. A., Kao, S.-F., Van-Hamme, L. J., Katagiri, M., & Young, M. E. (1996). Causation and association. In D. R. Shanks, K. J. Holyoak, & D. L. Medin (Eds.), The psychology of learning and motivation: Vol. 34. Causal learning (pp. 207-264). San Diego: Academic Press.",,,,,,,,,,,,,,,,
Wasserman et al. (1996),1,,,100,mixed-design,condition running-estimate group or final-estimate group was between-subject; the 21 different contingency problems were within-subjects,trial-by-trial,bidirectional,Table 1,6,10,3,5,0.38,0.38,0.00,0.00,0.67,0.38,0.07,0.08,0.06,-1.09,-0.63,-0.02,0.00,-11,"First, all participants were asked to estimate their expectations of the ability of the fertilizer to affect the Lanyu’s blooming. The running-estimate group evaluated after every trial, the final-estimate group evaluated all results after the last trial.",-10 - + 10,-10 = fertilizer  may have a strong negative effect on the Lanyu’s blooming; 0 = fertilizer may have no effect on the Lanyu’s blooming; 10 = fertilizer may have a strong positive effect on the Lanyu’s blooming,"Wasserman, E. A., Kao, S.-F., Van-Hamme, L. J., Katagiri, M., & Young, M. E. (1996). Causation and association. In D. R. Shanks, K. J. Holyoak, & D. L. Medin (Eds.), The psychology of learning and motivation: Vol. 34. Causal learning (pp. 207-264). San Diego: Academic Press.",,,,,,,,,,,,,,,,
Wasserman et al. (1996),1,,,100,mixed-design,condition running-estimate group or final-estimate group was between-subject; the 21 different contingency problems were within-subjects,trial-by-trial,bidirectional,Table 1,10,5,6,3,0.67,0.67,0.00,0.00,0.63,0.67,0.13,0.14,0.13,-0.56,-1.17,0.28,0.00,30,"First, all participants were asked to estimate their expectations of the ability of the fertilizer to affect the Lanyu’s blooming. The running-estimate group evaluated after every trial, the final-estimate group evaluated all results after the last trial.",-10 - + 10,-10 = fertilizer  may have a strong negative effect on the Lanyu’s blooming; 0 = fertilizer may have no effect on the Lanyu’s blooming; 10 = fertilizer may have a strong positive effect on the Lanyu’s blooming,"Wasserman, E. A., Kao, S.-F., Van-Hamme, L. J., Katagiri, M., & Young, M. E. (1996). Causation and association. In D. R. Shanks, K. J. Holyoak, & D. L. Medin (Eds.), The psychology of learning and motivation: Vol. 34. Causal learning (pp. 207-264). San Diego: Academic Press.",,,,,,,,,,,,,,,,
Wasserman et al. (1996),1,,,100,mixed-design,condition running-estimate group or final-estimate group was between-subject; the 21 different contingency problems were within-subjects,trial-by-trial,bidirectional,Table 1,10,6,5,3,0.63,0.63,0.00,0.00,0.67,0.63,0.12,0.13,0.12,-0.63,-1.08,0.27,0.00,29,"First, all participants were asked to estimate their expectations of the ability of the fertilizer to affect the Lanyu’s blooming. The running-estimate group evaluated after every trial, the final-estimate group evaluated all results after the last trial.",-10 - + 10,-10 = fertilizer  may have a strong negative effect on the Lanyu’s blooming; 0 = fertilizer may have no effect on the Lanyu’s blooming; 10 = fertilizer may have a strong positive effect on the Lanyu’s blooming,"Wasserman, E. A., Kao, S.-F., Van-Hamme, L. J., Katagiri, M., & Young, M. E. (1996). Causation and association. In D. R. Shanks, K. J. Holyoak, & D. L. Medin (Eds.), The psychology of learning and motivation: Vol. 34. Causal learning (pp. 207-264). San Diego: Academic Press.",,,,,,,,,,,,,,,,
Wasserman et al. (1996),1,,,100,mixed-design,condition running-estimate group or final-estimate group was between-subject; the 21 different contingency problems were within-subjects,trial-by-trial,bidirectional,Table 1,2,6,6,6,0.25,0.50,-0.25,-0.50,0.40,0.40,-0.16,-0.18,-0.31,-1.54,0.41,-0.23,-0.24,-27,"First, all participants were asked to estimate their expectations of the ability of the fertilizer to affect the Lanyu’s blooming. The running-estimate group evaluated after every trial, the final-estimate group evaluated all results after the last trial.",-10 - + 10,-10 = fertilizer  may have a strong negative effect on the Lanyu’s blooming; 0 = fertilizer may have no effect on the Lanyu’s blooming; 10 = fertilizer may have a strong positive effect on the Lanyu’s blooming,"Wasserman, E. A., Kao, S.-F., Van-Hamme, L. J., Katagiri, M., & Young, M. E. (1996). Causation and association. In D. R. Shanks, K. J. Holyoak, & D. L. Medin (Eds.), The psychology of learning and motivation: Vol. 34. Causal learning (pp. 207-264). San Diego: Academic Press.",,,,,,,,,,,,,,,,
Wasserman et al. (1996),1,,,100,mixed-design,condition running-estimate group or final-estimate group was between-subject; the 21 different contingency problems were within-subjects,trial-by-trial,bidirectional,Table 1,6,2,6,6,0.75,0.50,0.25,0.50,0.40,0.60,0.35,0.39,0.40,0.41,-1.55,0.33,0.26,30,"First, all participants were asked to estimate their expectations of the ability of the fertilizer to affect the Lanyu’s blooming. The running-estimate group evaluated after every trial, the final-estimate group evaluated all results after the last trial.",-10 - + 10,-10 = fertilizer  may have a strong negative effect on the Lanyu’s blooming; 0 = fertilizer may have no effect on the Lanyu’s blooming; 10 = fertilizer may have a strong positive effect on the Lanyu’s blooming,"Wasserman, E. A., Kao, S.-F., Van-Hamme, L. J., Katagiri, M., & Young, M. E. (1996). Causation and association. In D. R. Shanks, K. J. Holyoak, & D. L. Medin (Eds.), The psychology of learning and motivation: Vol. 34. Causal learning (pp. 207-264). San Diego: Academic Press.",,,,,,,,,,,,,,,,
Wasserman et al. (1996),1,,,100,mixed-design,condition running-estimate group or final-estimate group was between-subject; the 21 different contingency problems were within-subjects,trial-by-trial,bidirectional,Table 1,6,6,2,6,0.50,0.25,0.25,0.33,0.60,0.40,0.30,0.34,0.30,0.04,-1.24,0.24,0.24,18,"First, all participants were asked to estimate their expectations of the ability of the fertilizer to affect the Lanyu’s blooming. The running-estimate group evaluated after every trial, the final-estimate group evaluated all results after the last trial.",-10 - + 10,-10 = fertilizer  may have a strong negative effect on the Lanyu’s blooming; 0 = fertilizer may have no effect on the Lanyu’s blooming; 10 = fertilizer may have a strong positive effect on the Lanyu’s blooming,"Wasserman, E. A., Kao, S.-F., Van-Hamme, L. J., Katagiri, M., & Young, M. E. (1996). Causation and association. In D. R. Shanks, K. J. Holyoak, & D. L. Medin (Eds.), The psychology of learning and motivation: Vol. 34. Causal learning (pp. 207-264). San Diego: Academic Press.",,,,,,,,,,,,,,,,
Wasserman et al. (1996),1,,,100,mixed-design,condition running-estimate group or final-estimate group was between-subject; the 21 different contingency problems were within-subjects,trial-by-trial,bidirectional,Table 1,6,6,6,2,0.50,0.75,-0.25,-0.33,0.60,0.60,-0.11,-0.13,-0.19,-1.24,0.04,-0.01,-0.26,-6,"First, all participants were asked to estimate their expectations of the ability of the fertilizer to affect the Lanyu’s blooming. The running-estimate group evaluated after every trial, the final-estimate group evaluated all results after the last trial.",-10 - + 10,-10 = fertilizer  may have a strong negative effect on the Lanyu’s blooming; 0 = fertilizer may have no effect on the Lanyu’s blooming; 10 = fertilizer may have a strong positive effect on the Lanyu’s blooming,"Wasserman, E. A., Kao, S.-F., Van-Hamme, L. J., Katagiri, M., & Young, M. E. (1996). Causation and association. In D. R. Shanks, K. J. Holyoak, & D. L. Medin (Eds.), The psychology of learning and motivation: Vol. 34. Causal learning (pp. 207-264). San Diego: Academic Press.",,,,,,,,,,,,,,,,
Wasserman et al. (1996),1,,,100,mixed-design,condition running-estimate group or final-estimate group was between-subject; the 21 different contingency problems were within-subjects,trial-by-trial,bidirectional,Table 1,18,6,6,6,0.75,0.50,0.25,0.50,0.67,0.67,0.35,0.39,0.40,0.79,-2.14,0.49,0.26,60,"First, all participants were asked to estimate their expectations of the ability of the fertilizer to affect the Lanyu’s blooming. The running-estimate group evaluated after every trial, the final-estimate group evaluated all results after the last trial.",-10 - + 10,-10 = fertilizer  may have a strong negative effect on the Lanyu’s blooming; 0 = fertilizer may have no effect on the Lanyu’s blooming; 10 = fertilizer may have a strong positive effect on the Lanyu’s blooming,"Wasserman, E. A., Kao, S.-F., Van-Hamme, L. J., Katagiri, M., & Young, M. E. (1996). Causation and association. In D. R. Shanks, K. J. Holyoak, & D. L. Medin (Eds.), The psychology of learning and motivation: Vol. 34. Causal learning (pp. 207-264). San Diego: Academic Press.",,,,,,,,,,,,,,,,
Wasserman et al. (1996),1,,,100,mixed-design,condition running-estimate group or final-estimate group was between-subject; the 21 different contingency problems were within-subjects,trial-by-trial,bidirectional,Table 1,6,18,6,6,0.25,0.50,-0.25,-0.50,0.67,0.33,-0.16,-0.18,-0.31,-2.13,0.79,-0.29,-0.24,-52,"First, all participants were asked to estimate their expectations of the ability of the fertilizer to affect the Lanyu’s blooming. The running-estimate group evaluated after every trial, the final-estimate group evaluated all results after the last trial.",-10 - + 10,-10 = fertilizer  may have a strong negative effect on the Lanyu’s blooming; 0 = fertilizer may have no effect on the Lanyu’s blooming; 10 = fertilizer may have a strong positive effect on the Lanyu’s blooming,"Wasserman, E. A., Kao, S.-F., Van-Hamme, L. J., Katagiri, M., & Young, M. E. (1996). Causation and association. In D. R. Shanks, K. J. Holyoak, & D. L. Medin (Eds.), The psychology of learning and motivation: Vol. 34. Causal learning (pp. 207-264). San Diego: Academic Press.",,,,,,,,,,,,,,,,
Wasserman et al. (1996),1,,,100,mixed-design,condition running-estimate group or final-estimate group was between-subject; the 21 different contingency problems were within-subjects,trial-by-trial,bidirectional,Table 1,6,6,18,6,0.50,0.75,-0.25,-0.33,0.33,0.67,-0.11,-0.13,-0.19,-1.49,0.37,-0.20,-0.26,-22,"First, all participants were asked to estimate their expectations of the ability of the fertilizer to affect the Lanyu’s blooming. The running-estimate group evaluated after every trial, the final-estimate group evaluated all results after the last trial.",-10 - + 10,-10 = fertilizer  may have a strong negative effect on the Lanyu’s blooming; 0 = fertilizer may have no effect on the Lanyu’s blooming; 10 = fertilizer may have a strong positive effect on the Lanyu’s blooming,"Wasserman, E. A., Kao, S.-F., Van-Hamme, L. J., Katagiri, M., & Young, M. E. (1996). Causation and association. In D. R. Shanks, K. J. Holyoak, & D. L. Medin (Eds.), The psychology of learning and motivation: Vol. 34. Causal learning (pp. 207-264). San Diego: Academic Press.",,,,,,,,,,,,,,,,
Wasserman et al. (1996),1,,,100,mixed-design,condition running-estimate group or final-estimate group was between-subject; the 21 different contingency problems were within-subjects,trial-by-trial,bidirectional,Table 1,6,6,6,18,0.50,0.25,0.25,0.33,0.33,0.33,0.30,0.34,0.30,0.38,-1.49,0.31,0.24,23,"First, all participants were asked to estimate their expectations of the ability of the fertilizer to affect the Lanyu’s blooming. The running-estimate group evaluated after every trial, the final-estimate group evaluated all results after the last trial.",-10 - + 10,-10 = fertilizer  may have a strong negative effect on the Lanyu’s blooming; 0 = fertilizer may have no effect on the Lanyu’s blooming; 10 = fertilizer may have a strong positive effect on the Lanyu’s blooming,"Wasserman, E. A., Kao, S.-F., Van-Hamme, L. J., Katagiri, M., & Young, M. E. (1996). Causation and association. In D. R. Shanks, K. J. Holyoak, & D. L. Medin (Eds.), The psychology of learning and motivation: Vol. 34. Causal learning (pp. 207-264). San Diego: Academic Press.",,,,,,,,,,,,,,,,
,,,,,,,,,,,,,,,,,,,,,,,,,,,,,,,,,,,,,,,,,,,,,,,
,,,,,,,,,,,,,,,,,,,,,,,,,,,,,,,,,,,,,,,,,,,,,,,
,,,,,,,,,,,,,,,,,,,,,,,,,,,,,,,,,,,,,,,,,,,,,,,
,,,,,,,,,,,,,,,,,,,,,,,,,,,,,,,,,,,,,,,,,,,,,,,
,,,,,,,,,,,,,,,,,,,,,,,,,,,,,,,,,,,,,,,,,,,,,,,
,,,,,,,,,,,,,,,,,,,,,,,,,,,,,,,,,,,,,,,,,,,,,,,
,,,,,,,,,,,,,,,,,,,,,,,,,,,,,,,,,,,,,,,,,,,,,,,
,,,,,,,,,,,,,,,,,,,,,,,,,,,,,,,,,,,,,,,,,,,,,,,
,,,,,,,,,,,,,,,,,,,,,,,,,,,,,,,,,,,,,,,,,,,,,,,
,,,,,,,,,,,,,,,,,,,,,,,,,,,,,,,,,,,,,,,,,,,,,,,
,,,,,,,,,,,,,,,,,,,,,,,,,,,,,,,,,,,,,,,,,,,,,,,
,,,,,,,,,,,,,,,,,,,,,,,,,,,,,,,,,,,,,,,,,,,,,,,
,,,,,,,,,,,,,,,,,,,,,,,,,,,,,,,,,,,,,,,,,,,,,,,
,,,,,,,,,,,,,,,,,,,,,,,,,,,,,,,,,,,,,,,,,,,,,,,
,,,,,,,,,,,,,,,,,,,,,,,,,,,,,,,,,,,,,,,,,,,,,,,
,,,,,,,,,,,,,,,,,,,,,,,,,,,,,,,,,,,,,,,,,,,,,,,
,,,,,,,,,,,,,,,,,,,,,,,,,,,,,,,,,,,,,,,,,,,,,,,
,,,,,,,,,,,,,,,,,,,,,,,,,,,,,,,,,,,,,,,,,,,,,,,
,,,,,,,,,,,,,,,,,,,,,,,,,,,,,,,,,,,,,,,,,,,,,,,
,,,,,,,,,,,,,,,,,,,,,,,,,,,,,,,,,,,,,,,,,,,,,,,
,,,,,,,,,,,,,,,,,,,,,,,,,,,,,,,,,,,,,,,,,,,,,,,
,,,,,,,,,,,,,,,,,,,,,,,,,,,,,,,,,,,,,,,,,,,,,,,
,,,,,,,,,,,,,,,,,,,,,,,,,,,,,,,,,,,,,,,,,,,,,,,
,,,,,,,,,,,,,,,,,,,,,,,,,,,,,,,,,,,,,,,,,,,,,,,
,,,,,,,,,,,,,,,,,,,,,,,,,,,,,,,,,,,,,,,,,,,,,,,
,,,,,,,,,,,,,,,,,,,,,,,,,,,,,,,,,,,,,,,,,,,,,,,
,,,,,,,,,,,,,,,,,,,,,,,,,,,,,,,,,,,,,,,,,,,,,,,
,,,,,,,,,,,,,,,,,,,,,,,,,,,,,,,,,,,,,,,,,,,,,,,
,,,,,,,,,,,,,,,,,,,,,,,,,,,,,,,,,,,,,,,,,,,,,,,
,,,,,,,,,,,,,,,,,,,,,,,,,,,,,,,,,,,,,,,,,,,,,,,
,,,,,,,,,,,,,,,,,,,,,,,,,,,,,,,,,,,,,,,,,,,,,,,
,,,,,,,,,,,,,,,,,,,,,,,,,,,,,,,,,,,,,,,,,,,,,,,
,,,,,,,,,,,,,,,,,,,,,,,,,,,,,,,,,,,,,,,,,,,,,,,
,,,,,,,,,,,,,,,,,,,,,,,,,,,,,,,,,,,,,,,,,,,,,,,
,,,,,,,,,,,,,,,,,,,,,,,,,,,,,,,,,,,,,,,,,,,,,,,
,,,,,,,,,,,,,,,,,,,,,,,,,,,,,,,,,,,,,,,,,,,,,,,
,,,,,,,,,,,,,,,,,,,,,,,,,,,,,,,,,,,,,,,,,,,,,,,
,,,,,,,,,,,,,,,,,,,,,,,,,,,,,,,,,,,,,,,,,,,,,,,
,,,,,,,,,,,,,,,,,,,,,,,,,,,,,,,,,,,,,,,,,,,,,,,
,,,,,,,,,,,,,,,,,,,,,,,,,,,,,,,,,,,,,,,,,,,,,,,
,,,,,,,,,,,,,,,,,,,,,,,,,,,,,,,,,,,,,,,,,,,,,,,
,,,,,,,,,,,,,,,,,,,,,,,,,,,,,,,,,,,,,,,,,,,,,,,
,,,,,,,,,,,,,,,,,,,,,,,,,,,,,,,,,,,,,,,,,,,,,,,
,,,,,,,,,,,,,,,,,,,,,,,,,,,,,,,,,,,,,,,,,,,,,,,
,,,,,,,,,,,,,,,,,,,,,,,,,,,,,,,,,,,,,,,,,,,,,,,
,,,,,,,,,,,,,,,,,,,,,,,,,,,,,,,,,,,,,,,,,,,,,,,
,,,,,,,,,,,,,,,,,,,,,,,,,,,,,,,,,,,,,,,,,,,,,,,
,,,,,,,,,,,,,,,,,,,,,,,,,,,,,,,,,,,,,,,,,,,,,,,